{
  "type": "FeatureCollection",
  "name": "land_use_zones",
  "crs": {
    "type": "name",
    "properties": {
      "name": "EPSG:4326"
    }
  },
  "features": [
    {
      "type": "Feature",
      "geometry": {
        "type": "Polygon",
        "coordinates": [
          [
            [
              23.631232056,
              37.972542654
            ],
            [
              23.631261273,
              37.972181663
            ],
            [
              23.63172618,
              37.972572491
            ],
            [
              23.631232056,
              37.972542654
            ]
          ]
        ]
      },
      "properties": {
        "gid": 2,
        "fid": 2,
        "bid": 62,
        "d_e": "ΚΕΡΑΤΣΙΝΙ",
        "onomasia": "ΠΡΑΣΙΝΟ",
        "fek_gps": "ΦΕΚ 142ΑΑΠ/05-05-2014",
        "fek": "../data/FEK/FEK_2014_142_AAP.pdf|../data/gps/gps_keratsini_orsa.jpg",
        "area_sqm": 873.4,
        "source_file": "ydom_pol_chriseis_gis.shp"
      }
    },
    {
      "type": "Feature",
      "geometry": {
        "type": "Polygon",
        "coordinates": [
          [
            [
              23.627525587,
              37.947938459
            ],
            [
              23.627526982,
              37.947662026
            ],
            [
              23.628828631,
              37.948185825
            ],
            [
              23.628732626,
              37.948434627
            ],
            [
              23.627525587,
              37.947938459
            ]
          ]
        ]
      },
      "properties": {
        "gid": 3,
        "fid": 3,
        "bid": 204,
        "d_e": "ΔΡΑΠΕΤΣΩΝΑ",
        "onomasia": "ΚΟΙΝΟΧΡΗΣΤΟ ΠΡΑΣΙΝΟ",
        "fek_gps": "Αναθεώρηση 29-05-86 (ΦΕΚ_650Δ/11-08-86)",
        "fek": "../data/FEK/FEK_1986_650_D.pdf",
        "area_sqm": 3453.36,
        "source_file": "ydom_pol_chriseis_gis.shp"
      }
    },
    {
      "type": "Feature",
      "geometry": {
        "type": "Polygon",
        "coordinates": [
          [
            [
              23.62233701,
              37.97904587
            ],
            [
              23.618398718,
              37.97774589
            ],
            [
              23.621048399,
              37.976668781
            ],
            [
              23.621107536,
              37.976799158
            ],
            [
              23.621779134,
              37.977038022
            ],
            [
              23.62179368,
              37.977117124
            ],
            [
              23.621628101,
              37.977333414
            ],
            [
              23.621679064,
              37.977599869
            ],
            [
              23.622106067,
              37.978635993
            ],
            [
              23.622210738,
              37.97888569
            ],
            [
              23.62233701,
              37.97904587
            ]
          ]
        ]
      },
      "properties": {
        "gid": 4,
        "fid": 4,
        "bid": 63,
        "d_e": "ΚΕΡΑΤΣΙΝΙ",
        "onomasia": "ΠΕΡΙΑΣΤΙΚΟ ΠΡΑΣΙΝΟ",
        "fek_gps": "ΦΕΚ 142ΑΑΠ/05-05-2014",
        "fek": "../data/FEK/FEK_2014_142_AAP.pdf|../data/gps/gps_keratsini_orsa.jpg",
        "area_sqm": 40156.85,
        "source_file": "ydom_pol_chriseis_gis.shp"
      }
    },
    {
      "type": "Feature",
      "geometry": {
        "type": "Polygon",
        "coordinates": [
          [
            [
              23.624696001,
              37.964458857
            ],
            [
              23.623426685,
              37.964627581
            ],
            [
              23.621541045,
              37.964396178
            ],
            [
              23.620996526,
              37.964317362
            ],
            [
              23.620014431,
              37.964212705
            ],
            [
              23.614527545,
              37.963545793
            ],
            [
              23.613594543,
              37.963440486
            ],
            [
              23.612809566,
              37.96335188
            ],
            [
              23.612729718,
              37.963425787
            ],
            [
              23.612971918,
              37.963655732
            ],
            [
              23.612504152,
              37.963959889
            ],
            [
              23.611513418,
              37.963424693
            ],
            [
              23.611188904,
              37.962980005
            ],
            [
              23.610927096,
              37.961894078
            ],
            [
              23.611392974,
              37.961691443
            ],
            [
              23.611882111,
              37.961370662
            ],
            [
              23.612143769,
              37.96221461
            ],
            [
              23.612361533,
              37.963055118
            ],
            [
              23.612616084,
              37.963213886
            ],
            [
              23.612534797,
              37.96282064
            ],
            [
              23.612452577,
              37.962259308
            ],
            [
              23.613555616,
              37.962043975
            ],
            [
              23.613646771,
              37.962122324
            ],
            [
              23.613521479,
              37.962515348
            ],
            [
              23.613723443,
              37.96262516
            ],
            [
              23.614238756,
              37.962052566
            ],
            [
              23.61442449,
              37.962134514
            ],
            [
              23.614684252,
              37.962256307
            ],
            [
              23.615196107,
              37.962482936
            ],
            [
              23.615721599,
              37.962723411
            ],
            [
              23.615708858,
              37.962948326
            ],
            [
              23.616136581,
              37.963009365
            ],
            [
              23.616156195,
              37.962947458
            ],
            [
              23.616287487,
              37.963015143
            ],
            [
              23.618634229,
              37.963351114
            ],
            [
              23.618587784,
              37.96283119
            ],
            [
              23.620199325,
              37.962881181
            ],
            [
              23.620157139,
              37.963277116
            ],
            [
              23.622085755,
              37.963278837
            ],
            [
              23.622204474,
              37.963278942
            ],
            [
              23.621903454,
              37.963758317
            ],
            [
              23.623648796,
              37.963976609
            ],
            [
              23.623688881,
              37.963869161
            ],
            [
              23.624443063,
              37.963837935
            ],
            [
              23.624696001,
              37.964458857
            ]
          ]
        ]
      },
      "properties": {
        "gid": 5,
        "fid": 5,
        "bid": 88,
        "d_e": "ΚΕΡΑΤΣΙΝΙ",
        "onomasia": "ΓΕΝΙΚΗ ΚΑΤΟΙΚΙΑ Α",
        "fek_gps": "ΦΕΚ 142ΑΑΠ/05-05-2014",
        "fek": "../data/FEK/FEK_2014_142_AAP.pdf|../data/gps/gps_keratsini_orsa.jpg",
        "area_sqm": 137087.35,
        "source_file": "ydom_pol_chriseis_gis.shp"
      }
    },
    {
      "type": "Feature",
      "geometry": {
        "type": "Polygon",
        "coordinates": [
          [
            [
              23.624746211,
              37.94758702
            ],
            [
              23.624751076,
              37.947207932
            ],
            [
              23.62502568,
              37.947200143
            ],
            [
              23.625012842,
              37.947587996
            ],
            [
              23.624746211,
              37.94758702
            ]
          ]
        ]
      },
      "properties": {
        "gid": 6,
        "fid": 6,
        "bid": 207,
        "d_e": "ΔΡΑΠΕΤΣΩΝΑ",
        "onomasia": "ΠΛΑΤΕΙΑ",
        "fek_gps": "ΦΕΚ 207Δ/30-04-1991",
        "fek": "../data/FEK/FEK_1991_207_D.pdf|../data/gps/gps_drapetsonas_orsa.jpg",
        "area_sqm": 1011.35,
        "source_file": "ydom_pol_chriseis_gis.shp"
      }
    },
    {
      "type": "Feature",
      "geometry": {
        "type": "Polygon",
        "coordinates": [
          [
            [
              23.625803061,
              37.968968444
            ],
            [
              23.625801602,
              37.968586543
            ],
            [
              23.626752808,
              37.968589565
            ],
            [
              23.626757697,
              37.968966097
            ],
            [
              23.625803061,
              37.968968444
            ]
          ]
        ]
      },
      "properties": {
        "gid": 7,
        "fid": 7,
        "bid": 59,
        "d_e": "ΚΕΡΑΤΣΙΝΙ",
        "onomasia": "ΕΚΠΑΙΔΕΥΣΗ",
        "fek_gps": "ΦΕΚ 142ΑΑΠ/05-05-2014",
        "fek": "../data/FEK/FEK_2014_142_AAP.pdf|../data/gps/gps_keratsini_orsa.jpg",
        "area_sqm": 3521.74,
        "source_file": "ydom_pol_chriseis_gis.shp"
      }
    },
    {
      "type": "Feature",
      "geometry": {
        "type": "Polygon",
        "coordinates": [
          [
            [
              23.61818224,
              37.95643339
            ],
            [
              23.618179537,
              37.95605184
            ],
            [
              23.618717542,
              37.956053585
            ],
            [
              23.618706194,
              37.956438793
            ],
            [
              23.61818224,
              37.95643339
            ]
          ]
        ]
      },
      "properties": {
        "gid": 8,
        "fid": 8,
        "bid": 115,
        "d_e": "ΚΕΡΑΤΣΙΝΙ",
        "onomasia": "ΠΡΑΣΙΝΟ",
        "fek_gps": "ΦΕΚ 142ΑΑΠ/05-05-2014",
        "fek": "../data/FEK/FEK_2014_142_AAP.pdf|../data/gps/gps_keratsini_orsa.jpg",
        "area_sqm": 1984.39,
        "source_file": "ydom_pol_chriseis_gis.shp"
      }
    },
    {
      "type": "Feature",
      "geometry": {
        "type": "Polygon",
        "coordinates": [
          [
            [
              23.614703469,
              37.959405314
            ],
            [
              23.614548751,
              37.960011112
            ],
            [
              23.614664227,
              37.960038614
            ],
            [
              23.615322043,
              37.95994258
            ],
            [
              23.615937487,
              37.959954207
            ],
            [
              23.617608262,
              37.960202346
            ],
            [
              23.617673138,
              37.959979143
            ],
            [
              23.6160997,
              37.959728986
            ],
            [
              23.616118429,
              37.959628151
            ],
            [
              23.617109762,
              37.959789932
            ],
            [
              23.617401113,
              37.959776466
            ],
            [
              23.61829307,
              37.959793777
            ],
            [
              23.618132421,
              37.960275216
            ],
            [
              23.619200242,
              37.960390384
            ],
            [
              23.61924674,
              37.960199552
            ],
            [
              23.620297723,
              37.960491224
            ],
            [
              23.620732308,
              37.960520347
            ],
            [
              23.62104757,
              37.960487336
            ],
            [
              23.621373557,
              37.960376678
            ],
            [
              23.621372493,
              37.960140649
            ],
            [
              23.621877668,
              37.960144076
            ],
            [
              23.622188959,
              37.959791939
            ],
            [
              23.622457221,
              37.95952512
            ],
            [
              23.622461765,
              37.959400039
            ],
            [
              23.62246714,
              37.959204575
            ],
            [
              23.62267831,
              37.959201281
            ],
            [
              23.622699988,
              37.95916361
            ],
            [
              23.623078999,
              37.958997994
            ],
            [
              23.623165347,
              37.959105774
            ],
            [
              23.623498706,
              37.958986049
            ],
            [
              23.624486685,
              37.958735402
            ],
            [
              23.624312722,
              37.95833836
            ],
            [
              23.623610292,
              37.958485956
            ],
            [
              23.623497896,
              37.958304986
            ],
            [
              23.623992347,
              37.95831282
            ],
            [
              23.624047491,
              37.958341611
            ],
            [
              23.626472354,
              37.957714682
            ],
            [
              23.626475397,
              37.958076005
            ],
            [
              23.625984194,
              37.958078023
            ],
            [
              23.625467105,
              37.958397203
            ],
            [
              23.625024242,
              37.958648326
            ],
            [
              23.625021147,
              37.958903926
            ],
            [
              23.624115587,
              37.958918888
            ],
            [
              23.623749688,
              37.959022135
            ],
            [
              23.623412124,
              37.959133125
            ],
            [
              23.622952677,
              37.959344786
            ],
            [
              23.622951153,
              37.959455734
            ],
            [
              23.622730018,
              37.959453806
            ],
            [
              23.622631837,
              37.962796171
            ],
            [
              23.622681533,
              37.962820467
            ],
            [
              23.622476207,
              37.963129214
            ],
            [
              23.622247977,
              37.963472399
            ],
            [
              23.622045973,
              37.963776143
            ],
            [
              23.621903454,
              37.963758317
            ],
            [
              23.622204474,
              37.963278942
            ],
            [
              23.622085755,
              37.963278837
            ],
            [
              23.622335046,
              37.962916126
            ],
            [
              23.622337361,
              37.962854986
            ],
            [
              23.622346641,
              37.96260996
            ],
            [
              23.622426329,
              37.960143682
            ],
            [
              23.622019281,
              37.960143385
            ],
            [
              23.621489988,
              37.960826
            ],
            [
              23.621362943,
              37.960814042
            ],
            [
              23.621363438,
              37.96065109
            ],
            [
              23.619691474,
              37.960664189
            ],
            [
              23.619637299,
              37.960589886
            ],
            [
              23.617321832,
              37.960301756
            ],
            [
              23.615749401,
              37.960115999
            ],
            [
              23.615175987,
              37.960110054
            ],
            [
              23.614480981,
              37.960222629
            ],
            [
              23.614413504,
              37.960424471
            ],
            [
              23.613808663,
              37.960474958
            ],
            [
              23.613236986,
              37.960774545
            ],
            [
              23.612895234,
              37.96100941
            ],
            [
              23.612505658,
              37.961491933
            ],
            [
              23.612415672,
              37.9619152
            ],
            [
              23.612452577,
              37.962259308
            ],
            [
              23.612534797,
              37.96282064
            ],
            [
              23.612616084,
              37.963213886
            ],
            [
              23.612361533,
              37.963055118
            ],
            [
              23.612143769,
              37.96221461
            ],
            [
              23.611882111,
              37.961370662
            ],
            [
              23.612165908,
              37.961008903
            ],
            [
              23.612287821,
              37.960878381
            ],
            [
              23.612673038,
              37.960529434
            ],
            [
              23.613114101,
              37.960232464
            ],
            [
              23.614202505,
              37.959660356
            ],
            [
              23.614703469,
              37.959405314
            ]
          ]
        ]
      },
      "properties": {
        "gid": 9,
        "fid": 9,
        "bid": 71,
        "d_e": "ΚΕΡΑΤΣΙΝΙ",
        "onomasia": "ΠΡΑΣΙΝΟ",
        "fek_gps": "ΦΕΚ 142ΑΑΠ/05-05-2014",
        "fek": "../data/FEK/FEK_2014_142_AAP.pdf|../data/gps/gps_keratsini_orsa.jpg",
        "area_sqm": 67743.17,
        "source_file": "ydom_pol_chriseis_gis.shp"
      }
    },
    {
      "type": "Feature",
      "geometry": {
        "type": "Polygon",
        "coordinates": [
          [
            [
              23.629081329,
              37.965496268
            ],
            [
              23.628733644,
              37.965318776
            ],
            [
              23.628665337,
              37.965172964
            ],
            [
              23.629399749,
              37.96517539
            ],
            [
              23.629267093,
              37.965366702
            ],
            [
              23.629081329,
              37.965496268
            ]
          ]
        ]
      },
      "properties": {
        "gid": 10,
        "fid": 10,
        "bid": 55,
        "d_e": "ΚΕΡΑΤΣΙΝΙ",
        "onomasia": "ΠΡΑΣΙΝΟ",
        "fek_gps": "ΦΕΚ 142ΑΑΠ/05-05-2014",
        "fek": "../data/FEK/FEK_2014_142_AAP.pdf|../data/gps/gps_keratsini_orsa.jpg",
        "area_sqm": 1429.54,
        "source_file": "ydom_pol_chriseis_gis.shp"
      }
    },
    {
      "type": "Feature",
      "geometry": {
        "type": "Polygon",
        "coordinates": [
          [
            [
              23.623931926,
              37.966158767
            ],
            [
              23.624006857,
              37.965953939
            ],
            [
              23.624140465,
              37.965989735
            ],
            [
              23.624316779,
              37.965799616
            ],
            [
              23.623993165,
              37.965641252
            ],
            [
              23.623813874,
              37.965826248
            ],
            [
              23.623684938,
              37.96558951
            ],
            [
              23.623683953,
              37.965459708
            ],
            [
              23.62331068,
              37.965392117
            ],
            [
              23.623349896,
              37.965270584
            ],
            [
              23.623713574,
              37.965338909
            ],
            [
              23.623728344,
              37.965278679
            ],
            [
              23.623997805,
              37.965064388
            ],
            [
              23.624337752,
              37.965017064
            ],
            [
              23.624737995,
              37.965136676
            ],
            [
              23.624962768,
              37.965451704
            ],
            [
              23.624808938,
              37.965822856
            ],
            [
              23.6244809,
              37.96599642
            ],
            [
              23.624154191,
              37.965996986
            ],
            [
              23.624063642,
              37.966183248
            ],
            [
              23.623931926,
              37.966158767
            ]
          ],
          [
            [
              23.624154859,
              37.965675561
            ],
            [
              23.624555652,
              37.965626393
            ],
            [
              23.624520579,
              37.96536323
            ],
            [
              23.624097002,
              37.965417731
            ],
            [
              23.624154859,
              37.965675561
            ]
          ]
        ]
      },
      "properties": {
        "gid": 11,
        "fid": 11,
        "bid": 56,
        "d_e": "ΚΕΡΑΤΣΙΝΙ",
        "onomasia": "ΠΡΑΣΙΝΟ",
        "fek_gps": "ΦΕΚ 142ΑΑΠ/05-05-2014",
        "fek": "../data/FEK/FEK_2014_142_AAP.pdf|../data/gps/gps_keratsini_orsa.jpg",
        "area_sqm": 8075.76,
        "source_file": "ydom_pol_chriseis_gis.shp"
      }
    },
    {
      "type": "Feature",
      "geometry": {
        "type": "Polygon",
        "coordinates": [
          [
            [
              23.623813874,
              37.965826248
            ],
            [
              23.623993165,
              37.965641252
            ],
            [
              23.624316779,
              37.965799616
            ],
            [
              23.624140465,
              37.965989735
            ],
            [
              23.624006857,
              37.965953939
            ],
            [
              23.623813874,
              37.965826248
            ]
          ]
        ]
      },
      "properties": {
        "gid": 12,
        "fid": 12,
        "bid": 57,
        "d_e": "ΚΕΡΑΤΣΙΝΙ",
        "onomasia": "ΑΘΛΗΤΙΣΜΟΣ",
        "fek_gps": "ΦΕΚ 142ΑΑΠ/05-05-2014",
        "fek": "../data/FEK/FEK_2014_142_AAP.pdf|../data/gps/gps_keratsini_orsa.jpg",
        "area_sqm": 922.61,
        "source_file": "ydom_pol_chriseis_gis.shp"
      }
    },
    {
      "type": "Feature",
      "geometry": {
        "type": "Polygon",
        "coordinates": [
          [
            [
              23.626563896,
              37.96715282
            ],
            [
              23.626560569,
              37.966971274
            ],
            [
              23.626727886,
              37.966969788
            ],
            [
              23.626722724,
              37.967150635
            ],
            [
              23.626563896,
              37.96715282
            ]
          ]
        ]
      },
      "properties": {
        "gid": 13,
        "fid": 13,
        "bid": 58,
        "d_e": "ΚΕΡΑΤΣΙΝΙ",
        "onomasia": "ΠΡΑΣΙΝΟ",
        "fek_gps": "ΦΕΚ 142ΑΑΠ/05-05-2014",
        "fek": "../data/FEK/FEK_2014_142_AAP.pdf|../data/gps/gps_keratsini_orsa.jpg",
        "area_sqm": 287.96,
        "source_file": "ydom_pol_chriseis_gis.shp"
      }
    },
    {
      "type": "Feature",
      "geometry": {
        "type": "Polygon",
        "coordinates": [
          [
            [
              23.626197371,
              37.970598134
            ],
            [
              23.625510868,
              37.969377121
            ],
            [
              23.625752275,
              37.969299074
            ],
            [
              23.625810461,
              37.969518451
            ],
            [
              23.626369708,
              37.970557827
            ],
            [
              23.626369708,
              37.970557827
            ],
            [
              23.626399886,
              37.970567658
            ],
            [
              23.626408655,
              37.970587623
            ],
            [
              23.626511911,
              37.970768231
            ],
            [
              23.626541228,
              37.970823768
            ],
            [
              23.626830494,
              37.970771896
            ],
            [
              23.626942073,
              37.971042263
            ],
            [
              23.626998678,
              37.971121547
            ],
            [
              23.627025059,
              37.97122445
            ],
            [
              23.626948406,
              37.971310786
            ],
            [
              23.62676193,
              37.97134152
            ],
            [
              23.626687447,
              37.971195297
            ],
            [
              23.626369651,
              37.970902708
            ],
            [
              23.626197371,
              37.970598134
            ]
          ]
        ]
      },
      "properties": {
        "gid": 14,
        "fid": 14,
        "bid": 60,
        "d_e": "ΚΕΡΑΤΣΙΝΙ",
        "onomasia": "ΠΡΑΣΙΝΟ",
        "fek_gps": "ΦΕΚ 142ΑΑΠ/05-05-2014",
        "fek": "../data/FEK/FEK_2014_142_AAP.pdf|../data/gps/gps_keratsini_orsa.jpg",
        "area_sqm": 5129.94,
        "source_file": "ydom_pol_chriseis_gis.shp"
      }
    },
    {
      "type": "Feature",
      "geometry": {
        "type": "Polygon",
        "coordinates": [
          [
            [
              23.626369708,
              37.970557827
            ],
            [
              23.625810461,
              37.969518451
            ],
            [
              23.626784982,
              37.969546316
            ],
            [
              23.62678033,
              37.96994494
            ],
            [
              23.627008665,
              37.970393625
            ],
            [
              23.626369708,
              37.970557827
            ]
          ]
        ]
      },
      "properties": {
        "gid": 15,
        "fid": 15,
        "bid": 61,
        "d_e": "ΚΕΡΑΤΣΙΝΙ",
        "onomasia": "ΕΚΠΑΙΔΕΥΣΗ",
        "fek_gps": "ΦΕΚ 142ΑΑΠ/05-05-2014",
        "fek": "../data/FEK/FEK_2014_142_AAP.pdf|../data/gps/gps_keratsini_orsa.jpg",
        "area_sqm": 7223.06,
        "source_file": "ydom_pol_chriseis_gis.shp"
      }
    },
    {
      "type": "Feature",
      "geometry": {
        "type": "Polygon",
        "coordinates": [
          [
            [
              23.625765463,
              37.963768083
            ],
            [
              23.626007826,
              37.963754778
            ],
            [
              23.626007826,
              37.963754778
            ],
            [
              23.626368404,
              37.963736709
            ],
            [
              23.627339357,
              37.963688699
            ],
            [
              23.627270209,
              37.963335067
            ],
            [
              23.628539115,
              37.963330746
            ],
            [
              23.628538021,
              37.963547884
            ],
            [
              23.628536145,
              37.963945314
            ],
            [
              23.625884421,
              37.964300872
            ],
            [
              23.625765463,
              37.963768083
            ]
          ]
        ]
      },
      "properties": {
        "gid": 16,
        "fid": 16,
        "bid": 65,
        "d_e": "ΚΕΡΑΤΣΙΝΙ",
        "onomasia": "ΓΕΝΙΚΗ ΚΑΤΟΙΚΙΑ Α",
        "fek_gps": "ΦΕΚ 142ΑΑΠ/05-05-2014",
        "fek": "../data/FEK/FEK_2014_142_AAP.pdf|../data/gps/gps_keratsini_orsa.jpg",
        "area_sqm": 15307.76,
        "source_file": "ydom_pol_chriseis_gis.shp"
      }
    },
    {
      "type": "Feature",
      "geometry": {
        "type": "Polygon",
        "coordinates": [
          [
            [
              23.629001838,
              37.967534022
            ],
            [
              23.629528062,
              37.967550795
            ],
            [
              23.629514562,
              37.967812201
            ],
            [
              23.628997803,
              37.967793866
            ],
            [
              23.629001838,
              37.967534022
            ]
          ]
        ]
      },
      "properties": {
        "gid": 37,
        "fid": 37,
        "bid": 120,
        "d_e": "ΚΕΡΑΤΣΙΝΙ",
        "onomasia": "ΑΘΛΗΤΙΣΜΟΣ",
        "fek_gps": "ΦΕΚ 142ΑΑΠ/05-05-2014",
        "fek": "../data/FEK/FEK_2014_142_AAP.pdf|../data/gps/gps_keratsini_orsa.jpg",
        "area_sqm": 1326.1,
        "source_file": "ydom_pol_chriseis_gis.shp"
      }
    },
    {
      "type": "Feature",
      "geometry": {
        "type": "Polygon",
        "coordinates": [
          [
            [
              23.63198533,
              37.970909264
            ],
            [
              23.631895449,
              37.970975838
            ],
            [
              23.631112206,
              37.971073144
            ],
            [
              23.630698618,
              37.971018055
            ],
            [
              23.63048164,
              37.970828426
            ],
            [
              23.630408756,
              37.970678971
            ],
            [
              23.630395217,
              37.970003242
            ],
            [
              23.631309744,
              37.96981626
            ],
            [
              23.631844163,
              37.969989672
            ],
            [
              23.6320121,
              37.970179659
            ],
            [
              23.63198533,
              37.970909264
            ]
          ]
        ]
      },
      "properties": {
        "gid": 17,
        "fid": 17,
        "bid": 64,
        "d_e": "ΚΕΡΑΤΣΙΝΙ",
        "onomasia": "ΠΟΛΙΤΙΣΜΟΣ",
        "fek_gps": "ΦΕΚ 142ΑΑΠ/05-05-2014",
        "fek": "../data/FEK/FEK_2014_142_AAP.pdf|../data/gps/gps_keratsini_orsa.jpg",
        "area_sqm": 16705.86,
        "source_file": "ydom_pol_chriseis_gis.shp"
      }
    },
    {
      "type": "Feature",
      "geometry": {
        "type": "Polygon",
        "coordinates": [
          [
            [
              23.631908862,
              37.94819775
            ],
            [
              23.631918532,
              37.947738934
            ],
            [
              23.633103288,
              37.947730944
            ],
            [
              23.633093523,
              37.948210217
            ],
            [
              23.631908862,
              37.94819775
            ]
          ]
        ]
      },
      "properties": {
        "gid": 18,
        "fid": 18,
        "bid": 173,
        "d_e": "ΔΡΑΠΕΤΣΩΝΑ",
        "onomasia": "ΤΟΠΙΚΟ ΚΕΝΤΡΟ ΓΕΙΤΟΝΙΑΣ",
        "fek_gps": "ΦΕΚ 207Δ/30-04-1991",
        "fek": "../data/FEK/FEK_1991_207_D.pdf|../data/gps/gps_drapetsonas_orsa.jpg",
        "area_sqm": 5417.23,
        "source_file": "ydom_pol_chriseis_gis.shp"
      }
    },
    {
      "type": "Feature",
      "geometry": {
        "type": "Polygon",
        "coordinates": [
          [
            [
              23.619273518,
              37.950222123
            ],
            [
              23.619280665,
              37.949799235
            ],
            [
              23.619937473,
              37.949801997
            ],
            [
              23.620204092,
              37.949812261
            ],
            [
              23.620174606,
              37.9502275
            ],
            [
              23.619273518,
              37.950222123
            ]
          ]
        ]
      },
      "properties": {
        "gid": 19,
        "fid": 19,
        "bid": 193,
        "d_e": "ΔΡΑΠΕΤΣΩΝΑ",
        "onomasia": "ΑΣΤΙΚΟ ΠΡΑΣΙΝΟ - ΕΛΕΥΘΕΡΟΙ ΧΩΡΟΙ",
        "fek_gps": "ΦΕΚ 207Δ/30-04-1991",
        "fek": "../data/FEK/FEK_1991_207_D.pdf|../data/gps/gps_drapetsonas_orsa.jpg",
        "area_sqm": 3757.59,
        "source_file": "ydom_pol_chriseis_gis.shp"
      }
    },
    {
      "type": "Feature",
      "geometry": {
        "type": "Polygon",
        "coordinates": [
          [
            [
              23.628517269,
              37.947059113
            ],
            [
              23.628864276,
              37.946649035
            ],
            [
              23.629567066,
              37.946971849
            ],
            [
              23.629245333,
              37.947410762
            ],
            [
              23.628517269,
              37.947059113
            ]
          ]
        ]
      },
      "properties": {
        "gid": 20,
        "fid": 20,
        "bid": 194,
        "d_e": "ΔΡΑΠΕΤΣΩΝΑ",
        "onomasia": "ΠΛΑΤΕΙΑ",
        "fek_gps": "ΦΕΚ 207Δ/30-04-1991",
        "fek": "../data/FEK/FEK_1991_207_D.pdf|../data/gps/gps_drapetsonas_orsa.jpg",
        "area_sqm": 4059.85,
        "source_file": "ydom_pol_chriseis_gis.shp"
      }
    },
    {
      "type": "Feature",
      "geometry": {
        "type": "Polygon",
        "coordinates": [
          [
            [
              23.627532383,
              37.949845879
            ],
            [
              23.627538815,
              37.949395792
            ],
            [
              23.627947798,
              37.949395988
            ],
            [
              23.627935807,
              37.949849351
            ],
            [
              23.627532383,
              37.949845879
            ]
          ]
        ]
      },
      "properties": {
        "gid": 21,
        "fid": 21,
        "bid": 196,
        "d_e": "ΔΡΑΠΕΤΣΩΝΑ",
        "onomasia": "ΠΛΑΤΕΙΑ",
        "fek_gps": "ΦΕΚ 207Δ/30-04-1991",
        "fek": "../data/FEK/FEK_1991_207_D.pdf|../data/gps/gps_drapetsonas_orsa.jpg",
        "area_sqm": 1788.89,
        "source_file": "ydom_pol_chriseis_gis.shp"
      }
    },
    {
      "type": "Feature",
      "geometry": {
        "type": "Polygon",
        "coordinates": [
          [
            [
              23.631355746,
              37.949380219
            ],
            [
              23.631354508,
              37.949192284
            ],
            [
              23.632414324,
              37.949300772
            ],
            [
              23.632413886,
              37.949388702
            ],
            [
              23.631355746,
              37.949380219
            ]
          ]
        ]
      },
      "properties": {
        "gid": 22,
        "fid": 22,
        "bid": 202,
        "d_e": "ΔΡΑΠΕΤΣΩΝΑ",
        "onomasia": "ΠΛΑΤΕΙΑ",
        "fek_gps": "ΦΕΚ 207Δ/30-04-1991",
        "fek": "../data/FEK/FEK_1991_207_D.pdf|../data/gps/gps_drapetsonas_orsa.jpg",
        "area_sqm": 1423.67,
        "source_file": "ydom_pol_chriseis_gis.shp"
      }
    },
    {
      "type": "Feature",
      "geometry": {
        "type": "Polygon",
        "coordinates": [
          [
            [
              23.628754121,
              37.951350285
            ],
            [
              23.628771832,
              37.950746214
            ],
            [
              23.628779838,
              37.950359024
            ],
            [
              23.629308897,
              37.950362146
            ],
            [
              23.629315667,
              37.951353085
            ],
            [
              23.628754121,
              37.951350285
            ]
          ]
        ]
      },
      "properties": {
        "gid": 23,
        "fid": 23,
        "bid": 190,
        "d_e": "ΔΡΑΠΕΤΣΩΝΑ",
        "onomasia": "ΓΕΝΙΚΗ ΚΑΤΟΙΚΙΑ|ΕΚΠΑΙΔΕΥΣΗ (ΠΑΙΔΙΚΟΣ ΣΤΑΘΜΟΣ)",
        "fek_gps": "ΦΕΚ 207Δ/30-04-1991",
        "fek": "../data/FEK/FEK_1991_207_D.pdf|../data/gps/gps_drapetsonas_orsa.jpg",
        "area_sqm": 5258.75,
        "source_file": "ydom_pol_chriseis_gis.shp"
      }
    },
    {
      "type": "Feature",
      "geometry": {
        "type": "Polygon",
        "coordinates": [
          [
            [
              23.611208943,
              37.951116559
            ],
            [
              23.610884839,
              37.951112944
            ],
            [
              23.610134568,
              37.950122803
            ],
            [
              23.611180244,
              37.950112961
            ],
            [
              23.611208943,
              37.951116559
            ]
          ]
        ]
      },
      "properties": {
        "gid": 24,
        "fid": 24,
        "bid": 82,
        "d_e": "ΚΕΡΑΤΣΙΝΙ",
        "onomasia": "ΕΚΠΑΙΔΕΥΣΗ",
        "fek_gps": "ΦΕΚ 142ΑΑΠ/05-05-2014",
        "fek": "../data/FEK/FEK_2014_142_AAP.pdf|../data/gps/gps_keratsini_orsa.jpg",
        "area_sqm": 6667.33,
        "source_file": "ydom_pol_chriseis_gis.shp"
      }
    },
    {
      "type": "Feature",
      "geometry": {
        "type": "Polygon",
        "coordinates": [
          [
            [
              23.618458839,
              37.961903199
            ],
            [
              23.618435455,
              37.961626271
            ],
            [
              23.618981584,
              37.961618214
            ],
            [
              23.618993806,
              37.961888878
            ],
            [
              23.618458839,
              37.961903199
            ]
          ]
        ]
      },
      "properties": {
        "gid": 25,
        "fid": 25,
        "bid": 67,
        "d_e": "ΚΕΡΑΤΣΙΝΙ",
        "onomasia": "ΠΟΛΙΤΙΣΜΟΣ",
        "fek_gps": "ΦΕΚ 142ΑΑΠ/05-05-2014",
        "fek": "../data/FEK/FEK_2014_142_AAP.pdf|../data/gps/gps_keratsini_orsa.jpg",
        "area_sqm": 1444.45,
        "source_file": "ydom_pol_chriseis_gis.shp"
      }
    },
    {
      "type": "Feature",
      "geometry": {
        "type": "Polygon",
        "coordinates": [
          [
            [
              23.633788337,
              37.951375289
            ],
            [
              23.63379437,
              37.950763812
            ],
            [
              23.635159687,
              37.950756468
            ],
            [
              23.63514962,
              37.951382013
            ],
            [
              23.633788337,
              37.951375289
            ]
          ]
        ]
      },
      "properties": {
        "gid": 26,
        "fid": 26,
        "bid": 187,
        "d_e": "ΔΡΑΠΕΤΣΩΝΑ",
        "onomasia": "ΓΕΝΙΚΗ ΚΑΤΟΙΚΙΑ|ΕΚΠΑΙΔΕΥΣΗ (ΔΗΜΟΤΙΚΟ)",
        "fek_gps": "ΦΕΚ 207Δ/30-04-1991",
        "fek": "../data/FEK/FEK_1991_207_D.pdf|../data/gps/gps_drapetsonas_orsa.jpg",
        "area_sqm": 8219.67,
        "source_file": "ydom_pol_chriseis_gis.shp"
      }
    },
    {
      "type": "Feature",
      "geometry": {
        "type": "Polygon",
        "coordinates": [
          [
            [
              23.635427526,
              37.945697997
            ],
            [
              23.635875934,
              37.946285012
            ],
            [
              23.635464002,
              37.949354526
            ],
            [
              23.635225635,
              37.949352519
            ],
            [
              23.634491263,
              37.948259954
            ],
            [
              23.634442869,
              37.948130542
            ],
            [
              23.634389362,
              37.946935688
            ],
            [
              23.634243261,
              37.946724612
            ],
            [
              23.633950318,
              37.946515029
            ],
            [
              23.633729847,
              37.946371407
            ],
            [
              23.633497658,
              37.945758753
            ],
            [
              23.633178775,
              37.94509781
            ],
            [
              23.633493542,
              37.945043277
            ],
            [
              23.634765349,
              37.945316276
            ],
            [
              23.635427526,
              37.945697997
            ]
          ]
        ]
      },
      "properties": {
        "gid": 27,
        "fid": 27,
        "bid": 185,
        "d_e": "ΔΡΑΠΕΤΣΩΝΑ",
        "onomasia": "ΑΡΧΑΙΟΛΟΓΙΚΟΙ ΧΩΡΟΙ",
        "fek_gps": "ΦΕΚ 207Δ/30-04-1991",
        "fek": "../data/FEK/FEK_1991_207_D.pdf|../data/gps/gps_drapetsonas_orsa.jpg",
        "area_sqm": 55541.21,
        "source_file": "ydom_pol_chriseis_gis.shp"
      }
    },
    {
      "type": "Feature",
      "geometry": {
        "type": "Polygon",
        "coordinates": [
          [
            [
              23.630702386,
              37.947270783
            ],
            [
              23.630688229,
              37.946850371
            ],
            [
              23.630893918,
              37.946581989
            ],
            [
              23.631525936,
              37.946599904
            ],
            [
              23.632088794,
              37.94667494
            ],
            [
              23.631924835,
              37.946956438
            ],
            [
              23.631926673,
              37.947269349
            ],
            [
              23.630702386,
              37.947270783
            ]
          ]
        ]
      },
      "properties": {
        "gid": 28,
        "fid": 28,
        "bid": 195,
        "d_e": "ΔΡΑΠΕΤΣΩΝΑ",
        "onomasia": "ΕΚΠΑΙΔΕΥΣΗ (ΓΥΜΝΑΣΙΟ, ΛΥΚΕΙΟ)",
        "fek_gps": "ΦΕΚ 207Δ/30-04-1991",
        "fek": "../data/FEK/FEK_1991_207_D.pdf|../data/gps/gps_drapetsonas_orsa.jpg",
        "area_sqm": 8013.89,
        "source_file": "ydom_pol_chriseis_gis.shp"
      }
    },
    {
      "type": "Feature",
      "geometry": {
        "type": "Polygon",
        "coordinates": [
          [
            [
              23.613148674,
              37.952566208
            ],
            [
              23.613166335,
              37.951873567
            ],
            [
              23.614006032,
              37.951879241
            ],
            [
              23.613981356,
              37.952571861
            ],
            [
              23.613148674,
              37.952566208
            ]
          ]
        ]
      },
      "properties": {
        "gid": 29,
        "fid": 29,
        "bid": 111,
        "d_e": "ΚΕΡΑΤΣΙΝΙ",
        "onomasia": "ΕΚΠΑΙΔΕΥΣΗ",
        "fek_gps": "ΦΕΚ 142ΑΑΠ/05-05-2014",
        "fek": "../data/FEK/FEK_2014_142_AAP.pdf|../data/gps/gps_keratsini_orsa.jpg",
        "area_sqm": 5646.87,
        "source_file": "ydom_pol_chriseis_gis.shp"
      }
    },
    {
      "type": "Feature",
      "geometry": {
        "type": "Polygon",
        "coordinates": [
          [
            [
              23.631221302,
              37.945772636
            ],
            [
              23.631114996,
              37.946125354
            ],
            [
              23.631075841,
              37.946156418
            ],
            [
              23.630016208,
              37.945738072
            ],
            [
              23.629222026,
              37.945619192
            ],
            [
              23.629250541,
              37.945176942
            ],
            [
              23.630090147,
              37.945071484
            ],
            [
              23.630214167,
              37.945078096
            ],
            [
              23.630257513,
              37.94508126
            ],
            [
              23.630853272,
              37.945285306
            ],
            [
              23.630947814,
              37.945315841
            ],
            [
              23.631148297,
              37.94556205
            ],
            [
              23.631221302,
              37.945772636
            ]
          ]
        ]
      },
      "properties": {
        "gid": 30,
        "fid": 30,
        "bid": 186,
        "d_e": "ΔΡΑΠΕΤΣΩΝΑ",
        "onomasia": "ΑΘΛΗΤΙΣΜΟΣ (ΚΟΛΥΜΒΗΤΗΡΙΟ, ΓΗΠΕΔΑ)",
        "fek_gps": "ΦΕΚ 207Δ/30-04-1991",
        "fek": "../data/FEK/FEK_1991_207_D.pdf|../data/gps/gps_drapetsonas_orsa.jpg",
        "area_sqm": 12532.48,
        "source_file": "ydom_pol_chriseis_gis.shp"
      }
    },
    {
      "type": "Feature",
      "geometry": {
        "type": "Polygon",
        "coordinates": [
          [
            [
              23.614548751,
              37.960011112
            ],
            [
              23.614703469,
              37.959405314
            ],
            [
              23.615255543,
              37.95771994
            ],
            [
              23.621453602,
              37.958215313
            ],
            [
              23.621376994,
              37.958868381
            ],
            [
              23.62137972,
              37.959410423
            ],
            [
              23.615970256,
              37.959459206
            ],
            [
              23.615975864,
              37.95915843
            ],
            [
              23.617202428,
              37.958937212
            ],
            [
              23.617232515,
              37.958840017
            ],
            [
              23.616025336,
              37.958616273
            ],
            [
              23.615924654,
              37.959160065
            ],
            [
              23.6150914,
              37.959388037
            ],
            [
              23.615131563,
              37.959535707
            ],
            [
              23.615957965,
              37.959680941
            ],
            [
              23.615937487,
              37.959954207
            ],
            [
              23.615322043,
              37.95994258
            ],
            [
              23.614664227,
              37.960038614
            ],
            [
              23.614548751,
              37.960011112
            ]
          ]
        ]
      },
      "properties": {
        "gid": 31,
        "fid": 31,
        "bid": 127,
        "d_e": "ΚΕΡΑΤΣΙΝΙ",
        "onomasia": "ΓΕΝΙΚΗ ΚΑΤΟΙΚΙΑ Α",
        "fek_gps": "ΦΕΚ 142ΑΑΠ/05-05-2014",
        "fek": "../data/FEK/FEK_2014_142_AAP.pdf|../data/gps/gps_keratsini_orsa.jpg",
        "area_sqm": 92871.73,
        "source_file": "ydom_pol_chriseis_gis.shp"
      }
    },
    {
      "type": "Feature",
      "geometry": {
        "type": "Polygon",
        "coordinates": [
          [
            [
              23.616953783,
              37.956055264
            ],
            [
              23.616965419,
              37.955608936
            ],
            [
              23.617867137,
              37.955622981
            ],
            [
              23.617861403,
              37.95605273
            ],
            [
              23.616953783,
              37.956055264
            ]
          ]
        ]
      },
      "properties": {
        "gid": 32,
        "fid": 32,
        "bid": 114,
        "d_e": "ΚΕΡΑΤΣΙΝΙ",
        "onomasia": "ΕΚΠΑΙΔΕΥΣΗ",
        "fek_gps": "ΦΕΚ 142ΑΑΠ/05-05-2014",
        "fek": "../data/FEK/FEK_2014_142_AAP.pdf|../data/gps/gps_keratsini_orsa.jpg",
        "area_sqm": 3863.2,
        "source_file": "ydom_pol_chriseis_gis.shp"
      }
    },
    {
      "type": "Feature",
      "geometry": {
        "type": "Polygon",
        "coordinates": [
          [
            [
              23.622733612,
              37.957076959
            ],
            [
              23.622839555,
              37.953658895
            ],
            [
              23.625834953,
              37.953670553
            ],
            [
              23.625777251,
              37.957187655
            ],
            [
              23.622778634,
              37.957142019
            ],
            [
              23.622733612,
              37.957076959
            ]
          ]
        ]
      },
      "properties": {
        "gid": 33,
        "fid": 33,
        "bid": 137,
        "d_e": "ΚΕΡΑΤΣΙΝΙ",
        "onomasia": "ΝΕΚΡΟΤΑΦΕΙΟ",
        "fek_gps": "ΦΕΚ 142ΑΑΠ/05-05-2014",
        "fek": "../data/FEK/FEK_2014_142_AAP.pdf|../data/gps/gps_keratsini_orsa.jpg",
        "area_sqm": 103049.87,
        "source_file": "ydom_pol_chriseis_gis.shp"
      }
    },
    {
      "type": "Feature",
      "geometry": {
        "type": "Polygon",
        "coordinates": [
          [
            [
              23.621718005,
              37.956486486
            ],
            [
              23.621908994,
              37.956532741
            ],
            [
              23.622523799,
              37.956681635
            ],
            [
              23.62257717,
              37.955085289
            ],
            [
              23.62259005,
              37.954733032
            ],
            [
              23.622622504,
              37.953664141
            ],
            [
              23.621112576,
              37.953656176
            ],
            [
              23.620910883,
              37.953537923
            ],
            [
              23.620908578,
              37.952715382
            ],
            [
              23.621105644,
              37.952717819
            ],
            [
              23.621086144,
              37.953527677
            ],
            [
              23.62262425,
              37.953545233
            ],
            [
              23.622657885,
              37.952752583
            ],
            [
              23.622880881,
              37.952751496
            ],
            [
              23.622865563,
              37.953087841
            ],
            [
              23.622839555,
              37.953658895
            ],
            [
              23.622733612,
              37.957076959
            ],
            [
              23.622778634,
              37.957142019
            ],
            [
              23.622778634,
              37.957142019
            ],
            [
              23.623061038,
              37.957571681
            ],
            [
              23.622803941,
              37.95756365
            ],
            [
              23.622790849,
              37.957898728
            ],
            [
              23.622511152,
              37.957891462
            ],
            [
              23.622525831,
              37.957215025
            ],
            [
              23.622311951,
              37.957210736
            ],
            [
              23.62231791,
              37.95671348
            ],
            [
              23.621710412,
              37.956699817
            ],
            [
              23.621718005,
              37.956486486
            ]
          ]
        ]
      },
      "properties": {
        "gid": 34,
        "fid": 34,
        "bid": 130,
        "d_e": "ΚΕΡΑΤΣΙΝΙ",
        "onomasia": "ΠΡΑΣΙΝΟ",
        "fek_gps": "ΦΕΚ 142ΑΑΠ/05-05-2014",
        "fek": "../data/FEK/FEK_2014_142_AAP.pdf|../data/gps/gps_keratsini_orsa.jpg",
        "area_sqm": 17350.24,
        "source_file": "ydom_pol_chriseis_gis.shp"
      }
    },
    {
      "type": "Feature",
      "geometry": {
        "type": "Polygon",
        "coordinates": [
          [
            [
              23.619845422,
              37.95469529
            ],
            [
              23.620031606,
              37.954343617
            ],
            [
              23.620178543,
              37.954360374
            ],
            [
              23.620104777,
              37.95470151
            ],
            [
              23.619845422,
              37.95469529
            ]
          ]
        ]
      },
      "properties": {
        "gid": 35,
        "fid": 35,
        "bid": 136,
        "d_e": "ΚΕΡΑΤΣΙΝΙ",
        "onomasia": "ΠΡΑΣΙΝΟ",
        "fek_gps": "ΦΕΚ 142ΑΑΠ/05-05-2014",
        "fek": "../data/FEK/FEK_2014_142_AAP.pdf|../data/gps/gps_keratsini_orsa.jpg",
        "area_sqm": 700.5,
        "source_file": "ydom_pol_chriseis_gis.shp"
      }
    },
    {
      "type": "Feature",
      "geometry": {
        "type": "Polygon",
        "coordinates": [
          [
            [
              23.62500112,
              37.947942131
            ],
            [
              23.625012842,
              37.947587996
            ],
            [
              23.62502568,
              37.947200143
            ],
            [
              23.625033753,
              37.946890468
            ],
            [
              23.625492478,
              37.946896105
            ],
            [
              23.626289074,
              37.94690275
            ],
            [
              23.626281579,
              37.947256475
            ],
            [
              23.627529068,
              37.94724874
            ],
            [
              23.627526982,
              37.947662026
            ],
            [
              23.627525587,
              37.947938459
            ],
            [
              23.62500112,
              37.947942131
            ]
          ]
        ]
      },
      "properties": {
        "gid": 36,
        "fid": 36,
        "bid": 203,
        "d_e": "ΔΡΑΠΕΤΣΩΝΑ",
        "onomasia": "ΤΟΠΙΚΟ ΚΕΝΤΡΟ ΓΕΙΤΟΝΙΑΣ",
        "fek_gps": "ΦΕΚ 207Δ/30-04-1991",
        "fek": "../data/FEK/FEK_1991_207_D.pdf|../data/gps/gps_drapetsonas_orsa.jpg",
        "area_sqm": 21212.42,
        "source_file": "ydom_pol_chriseis_gis.shp"
      }
    },
    {
      "type": "Feature",
      "geometry": {
        "type": "Polygon",
        "coordinates": [
          [
            [
              23.623688881,
              37.963869161
            ],
            [
              23.62335512,
              37.962666283
            ],
            [
              23.623265488,
              37.962082733
            ],
            [
              23.624064568,
              37.961876938
            ],
            [
              23.624179598,
              37.962121485
            ],
            [
              23.624699803,
              37.961967181
            ],
            [
              23.625152046,
              37.962968637
            ],
            [
              23.625754677,
              37.962796141
            ],
            [
              23.625898018,
              37.963075827
            ],
            [
              23.625973499,
              37.963070093
            ],
            [
              23.626065199,
              37.96332376
            ],
            [
              23.625999758,
              37.963322633
            ],
            [
              23.626007826,
              37.963754778
            ],
            [
              23.625765427,
              37.963767138
            ],
            [
              23.625630128,
              37.963773209
            ],
            [
              23.625415073,
              37.963783841
            ],
            [
              23.624557339,
              37.963833669
            ],
            [
              23.624443063,
              37.963837935
            ],
            [
              23.623688881,
              37.963869161
            ]
          ]
        ]
      },
      "properties": {
        "gid": 38,
        "fid": 38,
        "bid": 93,
        "d_e": "ΚΕΡΑΤΣΙΝΙ",
        "onomasia": "ΖΩΝΗ ΚΙΝΗΤΡΩΝ",
        "fek_gps": "ΦΕΚ 142ΑΑΠ/05-05-2014",
        "fek": "../data/FEK/FEK_2014_142_AAP.pdf|../data/gps/gps_keratsini_orsa.jpg",
        "area_sqm": 35708.16,
        "source_file": "ydom_pol_chriseis_gis.shp"
      }
    },
    {
      "type": "Feature",
      "geometry": {
        "type": "Polygon",
        "coordinates": [
          [
            [
              23.621718005,
              37.956486486
            ],
            [
              23.621710412,
              37.956699817
            ],
            [
              23.62231791,
              37.95671348
            ],
            [
              23.622311951,
              37.957210736
            ],
            [
              23.622525831,
              37.957215025
            ],
            [
              23.622511151,
              37.957891462
            ],
            [
              23.622790849,
              37.957898728
            ],
            [
              23.622803941,
              37.95756365
            ],
            [
              23.623061038,
              37.957571681
            ],
            [
              23.622778634,
              37.957142019
            ],
            [
              23.625777251,
              37.957187655
            ],
            [
              23.625776722,
              37.957219927
            ],
            [
              23.625780501,
              37.957382098
            ],
            [
              23.624469858,
              37.957391915
            ],
            [
              23.624479922,
              37.957955011
            ],
            [
              23.623264276,
              37.957941136
            ],
            [
              23.623462743,
              37.958324038
            ],
            [
              23.622769747,
              37.958288991
            ],
            [
              23.622492798,
              37.958271554
            ],
            [
              23.621453602,
              37.958215313
            ],
            [
              23.615255543,
              37.95771994
            ],
            [
              23.615561701,
              37.95667648
            ],
            [
              23.614303482,
              37.956472924
            ],
            [
              23.614084276,
              37.95626908
            ],
            [
              23.614641938,
              37.955920923
            ],
            [
              23.614117281,
              37.955115787
            ],
            [
              23.614361139,
              37.95496413
            ],
            [
              23.613942827,
              37.954603208
            ],
            [
              23.613945494,
              37.954486276
            ],
            [
              23.613963834,
              37.953682164
            ],
            [
              23.613970447,
              37.953392205
            ],
            [
              23.613979085,
              37.953013478
            ],
            [
              23.612911768,
              37.953004185
            ],
            [
              23.61290494,
              37.95259218
            ],
            [
              23.612240914,
              37.952576661
            ],
            [
              23.612244635,
              37.952190035
            ],
            [
              23.612235813,
              37.952098787
            ],
            [
              23.612001576,
              37.952090905
            ],
            [
              23.612000445,
              37.951865755
            ],
            [
              23.611229997,
              37.951859998
            ],
            [
              23.611220424,
              37.951518051
            ],
            [
              23.611208943,
              37.951116559
            ],
            [
              23.611180244,
              37.950112961
            ],
            [
              23.610134568,
              37.950122803
            ],
            [
              23.609918567,
              37.949743049
            ],
            [
              23.610562356,
              37.949781345
            ],
            [
              23.610793385,
              37.949882125
            ],
            [
              23.611173933,
              37.949892574
            ],
            [
              23.61118345,
              37.950087116
            ],
            [
              23.611228074,
              37.950112133
            ],
            [
              23.615940183,
              37.950192217
            ],
            [
              23.615922857,
              37.95050617
            ],
            [
              23.617602283,
              37.950534969
            ],
            [
              23.617620626,
              37.950200313
            ],
            [
              23.618102557,
              37.950637089
            ],
            [
              23.618649494,
              37.951193558
            ],
            [
              23.618617312,
              37.951241541
            ],
            [
              23.618614592,
              37.951626755
            ],
            [
              23.619215737,
              37.951624998
            ],
            [
              23.619225373,
              37.95124493
            ],
            [
              23.62034974,
              37.951256053
            ],
            [
              23.620338472,
              37.951626774
            ],
            [
              23.620949016,
              37.951636574
            ],
            [
              23.620955671,
              37.95125669
            ],
            [
              23.622711807,
              37.951282124
            ],
            [
              23.622672705,
              37.952350852
            ],
            [
              23.62222022,
              37.952348749
            ],
            [
              23.622212024,
              37.952566626
            ],
            [
              23.622345321,
              37.952572611
            ],
            [
              23.622340961,
              37.95274499
            ],
            [
              23.622657885,
              37.952752583
            ],
            [
              23.62262425,
              37.953545233
            ],
            [
              23.621086144,
              37.953527677
            ],
            [
              23.621105644,
              37.952717819
            ],
            [
              23.620908578,
              37.952715382
            ],
            [
              23.620910883,
              37.953537923
            ],
            [
              23.621112576,
              37.953656176
            ],
            [
              23.622622499,
              37.953665042
            ],
            [
              23.62259005,
              37.954733032
            ],
            [
              23.622058081,
              37.954726289
            ],
            [
              23.622067787,
              37.954328242
            ],
            [
              23.621587222,
              37.954173669
            ],
            [
              23.621591101,
              37.954720656
            ],
            [
              23.620104777,
              37.95470151
            ],
            [
              23.620178543,
              37.954360374
            ],
            [
              23.620031606,
              37.954343617
            ],
            [
              23.619845422,
              37.95469529
            ],
            [
              23.620104777,
              37.95470151
            ],
            [
              23.620052507,
              37.955013897
            ],
            [
              23.620037445,
              37.95539659
            ],
            [
              23.617867225,
              37.955380351
            ],
            [
              23.617896547,
              37.953783902
            ],
            [
              23.615863829,
              37.953788395
            ],
            [
              23.615870272,
              37.953449475
            ],
            [
              23.619214969,
              37.953493685
            ],
            [
              23.619217359,
              37.953030658
            ],
            [
              23.61790048,
              37.953024537
            ],
            [
              23.617908421,
              37.951942912
            ],
            [
              23.61720958,
              37.952244026
            ],
            [
              23.615876579,
              37.952238195
            ],
            [
              23.615870449,
              37.952554232
            ],
            [
              23.615870184,
              37.952567855
            ],
            [
              23.61489003,
              37.952559094
            ],
            [
              23.614869681,
              37.953792554
            ],
            [
              23.615421704,
              37.95379436
            ],
            [
              23.615376055,
              37.955347104
            ],
            [
              23.614777389,
              37.955340641
            ],
            [
              23.615461501,
              37.956031875
            ],
            [
              23.615826428,
              37.956029363
            ],
            [
              23.61584007,
              37.955354408
            ],
            [
              23.617867142,
              37.955396372
            ],
            [
              23.617867137,
              37.955622981
            ],
            [
              23.616965419,
              37.955608936
            ],
            [
              23.616953783,
              37.956055264
            ],
            [
              23.617861403,
              37.95605273
            ],
            [
              23.618179537,
              37.95605184
            ],
            [
              23.61818224,
              37.95643339
            ],
            [
              23.618706194,
              37.956438793
            ],
            [
              23.618717542,
              37.956053585
            ],
            [
              23.620029332,
              37.956063334
            ],
            [
              23.621718005,
              37.956486486
            ]
          ],
          [
            [
              23.617011507,
              37.950906964
            ],
            [
              23.617570515,
              37.950910634
            ],
            [
              23.617579049,
              37.950618024
            ],
            [
              23.617011866,
              37.950612475
            ],
            [
              23.617011507,
              37.950906964
            ]
          ],
          [
            [
              23.615420908,
              37.95192894
            ],
            [
              23.615895698,
              37.951935433
            ],
            [
              23.61589657,
              37.951604366
            ],
            [
              23.615897692,
              37.951177906
            ],
            [
              23.615896912,
              37.950803778
            ],
            [
              23.615436132,
              37.950802273
            ],
            [
              23.61543109,
              37.951175471
            ],
            [
              23.615426353,
              37.95152598
            ],
            [
              23.615420908,
              37.95192894
            ]
          ],
          [
            [
              23.614039727,
              37.951697841
            ],
            [
              23.614456062,
              37.951701059
            ],
            [
              23.614459214,
              37.951545489
            ],
            [
              23.6140452,
              37.951545984
            ],
            [
              23.614039727,
              37.951697841
            ]
          ],
          [
            [
              23.612924129,
              37.952564683
            ],
            [
              23.613148674,
              37.952566208
            ],
            [
              23.613981356,
              37.952571861
            ],
            [
              23.614006032,
              37.951879241
            ],
            [
              23.613166335,
              37.951873567
            ],
            [
              23.612939459,
              37.951872033
            ],
            [
              23.612924129,
              37.952564683
            ]
          ],
          [
            [
              23.617865946,
              37.95716515
            ],
            [
              23.618605124,
              37.957237816
            ],
            [
              23.618648573,
              37.957196517
            ],
            [
              23.618018089,
              37.956787283
            ],
            [
              23.617911141,
              37.956786936
            ],
            [
              23.617865946,
              37.95716515
            ]
          ]
        ]
      },
      "properties": {
        "gid": 39,
        "fid": 39,
        "bid": 45,
        "d_e": "ΚΕΡΑΤΣΙΝΙ",
        "onomasia": "ΓΕΝΙΚΗ ΚΑΤΟΙΚΙΑ Β",
        "fek_gps": "ΦΕΚ 142ΑΑΠ/05-05-2014",
        "fek": "../data/FEK/FEK_2014_142_AAP.pdf|../data/gps/gps_keratsini_orsa.jpg",
        "area_sqm": 487985.9,
        "source_file": "ydom_pol_chriseis_gis.shp"
      }
    },
    {
      "type": "Feature",
      "geometry": {
        "type": "Polygon",
        "coordinates": [
          [
            [
              23.608438159,
              37.968258987
            ],
            [
              23.608438159,
              37.968258987
            ],
            [
              23.609409804,
              37.967477236
            ],
            [
              23.609106963,
              37.967356203
            ],
            [
              23.609151301,
              37.9673249
            ],
            [
              23.610091688,
              37.966665491
            ],
            [
              23.610886344,
              37.967395276
            ],
            [
              23.611168722,
              37.967524015
            ],
            [
              23.610929122,
              37.967987307
            ],
            [
              23.61044825,
              37.967824582
            ],
            [
              23.609887694,
              37.968621934
            ],
            [
              23.608739083,
              37.968334337
            ],
            [
              23.608438159,
              37.968258987
            ]
          ]
        ]
      },
      "properties": {
        "gid": 40,
        "fid": 40,
        "bid": 18,
        "d_e": "ΚΕΡΑΤΣΙΝΙ",
        "onomasia": "ΕΚΠΑΙΔΕΥΣΗ",
        "fek_gps": "ΦΕΚ 142ΑΑΠ/05-05-2014",
        "fek": "../data/FEK/FEK_2014_142_AAP.pdf|../data/gps/gps_keratsini_orsa.jpg",
        "area_sqm": 24448.4,
        "source_file": "ydom_pol_chriseis_gis.shp"
      }
    },
    {
      "type": "Feature",
      "geometry": {
        "type": "Polygon",
        "coordinates": [
          [
            [
              23.625464561,
              37.975670871
            ],
            [
              23.624957423,
              37.975215715
            ],
            [
              23.625427929,
              37.974878173
            ],
            [
              23.625927085,
              37.975356493
            ],
            [
              23.625464561,
              37.975670871
            ]
          ]
        ]
      },
      "properties": {
        "gid": 41,
        "fid": 41,
        "bid": 9,
        "d_e": "ΚΕΡΑΤΣΙΝΙ",
        "onomasia": "ΠΡΑΣΙΝΟ",
        "fek_gps": "ΦΕΚ 142ΑΑΠ/05-05-2014",
        "fek": "../data/FEK/FEK_2014_142_AAP.pdf|../data/gps/gps_keratsini_orsa.jpg",
        "area_sqm": 3720.07,
        "source_file": "ydom_pol_chriseis_gis.shp"
      }
    },
    {
      "type": "Feature",
      "geometry": {
        "type": "Polygon",
        "coordinates": [
          [
            [
              23.628136024,
              37.977875812
            ],
            [
              23.628324922,
              37.977534755
            ],
            [
              23.628668923,
              37.977737075
            ],
            [
              23.628623811,
              37.978096277
            ],
            [
              23.628136024,
              37.977875812
            ]
          ]
        ]
      },
      "properties": {
        "gid": 42,
        "fid": 42,
        "bid": 10,
        "d_e": "ΚΕΡΑΤΣΙΝΙ",
        "onomasia": "ΠΡΑΣΙΝΟ",
        "fek_gps": "ΦΕΚ 142ΑΑΠ/05-05-2014",
        "fek": "../data/FEK/FEK_2014_142_AAP.pdf|../data/gps/gps_keratsini_orsa.jpg",
        "area_sqm": 1659.99,
        "source_file": "ydom_pol_chriseis_gis.shp"
      }
    },
    {
      "type": "Feature",
      "geometry": {
        "type": "Polygon",
        "coordinates": [
          [
            [
              23.62865431,
              37.977587762
            ],
            [
              23.628530327,
              37.97752103
            ],
            [
              23.628363338,
              37.977395562
            ],
            [
              23.628391308,
              37.977389016
            ],
            [
              23.628726506,
              37.977397814
            ],
            [
              23.628715664,
              37.977608964
            ],
            [
              23.62865431,
              37.977587762
            ]
          ]
        ]
      },
      "properties": {
        "gid": 43,
        "fid": 43,
        "bid": 11,
        "d_e": "ΚΕΡΑΤΣΙΝΙ",
        "onomasia": "ΚΟΙΝΟΧΡΗΣΤΟΣ ΧΩΡΟΣ",
        "fek_gps": "ΦΕΚ 142ΑΑΠ/05-05-2014",
        "fek": "../data/FEK/FEK_2014_142_AAP.pdf|../data/gps/gps_keratsini_orsa.jpg",
        "area_sqm": 434.53,
        "source_file": "ydom_pol_chriseis_gis.shp"
      }
    },
    {
      "type": "Feature",
      "geometry": {
        "type": "Polygon",
        "coordinates": [
          [
            [
              23.622212101,
              37.971038227
            ],
            [
              23.623108035,
              37.970640845
            ],
            [
              23.623248305,
              37.971070297
            ],
            [
              23.622359132,
              37.971237721
            ],
            [
              23.622212101,
              37.971038227
            ]
          ]
        ]
      },
      "properties": {
        "gid": 44,
        "fid": 44,
        "bid": 12,
        "d_e": "ΚΕΡΑΤΣΙΝΙ",
        "onomasia": "ΕΚΠΑΙΔΕΥΣΗ",
        "fek_gps": "ΦΕΚ 142ΑΑΠ/05-05-2014",
        "fek": "../data/FEK/FEK_2014_142_AAP.pdf|../data/gps/gps_keratsini_orsa.jpg",
        "area_sqm": 3130.73,
        "source_file": "ydom_pol_chriseis_gis.shp"
      }
    },
    {
      "type": "Feature",
      "geometry": {
        "type": "Polygon",
        "coordinates": [
          [
            [
              23.633794915,
              37.95075462
            ],
            [
              23.632549433,
              37.950745321
            ],
            [
              23.632557432,
              37.949880262
            ],
            [
              23.633115518,
              37.949888493
            ],
            [
              23.633115889,
              37.950337712
            ],
            [
              23.63380635,
              37.950337156
            ],
            [
              23.633794915,
              37.95075462
            ]
          ]
        ]
      },
      "properties": {
        "gid": 45,
        "fid": 45,
        "bid": 172,
        "d_e": "ΔΡΑΠΕΤΣΩΝΑ",
        "onomasia": "ΤΟΠΙΚΟ ΚΕΝΤΡΟ ΓΕΙΤΟΝΙΑΣ",
        "fek_gps": "ΦΕΚ 207Δ/30-04-1991",
        "fek": "../data/FEK/FEK_1991_207_D.pdf|../data/gps/gps_drapetsonas_orsa.jpg",
        "area_sqm": 7499.38,
        "source_file": "ydom_pol_chriseis_gis.shp"
      }
    },
    {
      "type": "Feature",
      "geometry": {
        "type": "Polygon",
        "coordinates": [
          [
            [
              23.615922857,
              37.95050617
            ],
            [
              23.615940183,
              37.950192217
            ],
            [
              23.617620626,
              37.950200313
            ],
            [
              23.617602283,
              37.950534969
            ],
            [
              23.615922857,
              37.95050617
            ]
          ]
        ]
      },
      "properties": {
        "gid": 46,
        "fid": 46,
        "bid": 183,
        "d_e": "ΚΕΡΑΤΣΙΝΙ",
        "onomasia": "ΠΡΑΣΙΝΟ",
        "fek_gps": "ΦΕΚ 142ΑΑΠ/05-05-2014",
        "fek": "../data/FEK/FEK_2014_142_AAP.pdf|../data/gps/gps_keratsini_orsa.jpg",
        "area_sqm": 5314.09,
        "source_file": "ydom_pol_chriseis_gis.shp"
      }
    },
    {
      "type": "Feature",
      "geometry": {
        "type": "Polygon",
        "coordinates": [
          [
            [
              23.627339357,
              37.963688699
            ],
            [
              23.626368404,
              37.963736709
            ],
            [
              23.626354739,
              37.963328746
            ],
            [
              23.627260972,
              37.96331932
            ],
            [
              23.627288963,
              37.962630355
            ],
            [
              23.627315163,
              37.960852701
            ],
            [
              23.628551494,
              37.960873019
            ],
            [
              23.628539115,
              37.963330746
            ],
            [
              23.627270209,
              37.963335067
            ],
            [
              23.627339357,
              37.963688699
            ]
          ]
        ]
      },
      "properties": {
        "gid": 47,
        "fid": 47,
        "bid": 99,
        "d_e": "ΚΕΡΑΤΣΙΝΙ",
        "onomasia": "ΓΕΝΙΚΗ ΚΑΤΟΙΚΙΑ Β",
        "fek_gps": "ΦΕΚ 142ΑΑΠ/05-05-2014",
        "fek": "../data/FEK/FEK_2014_142_AAP.pdf|../data/gps/gps_keratsini_orsa.jpg",
        "area_sqm": 33698.15,
        "source_file": "ydom_pol_chriseis_gis.shp"
      }
    },
    {
      "type": "Feature",
      "geometry": {
        "type": "Polygon",
        "coordinates": [
          [
            [
              23.625521551,
              37.946134997
            ],
            [
              23.626305089,
              37.946146892
            ],
            [
              23.626289074,
              37.94690275
            ],
            [
              23.625492478,
              37.946896105
            ],
            [
              23.625493571,
              37.946849977
            ],
            [
              23.625521069,
              37.946163626
            ],
            [
              23.625521551,
              37.946134997
            ]
          ]
        ]
      },
      "properties": {
        "gid": 49,
        "fid": 49,
        "bid": 206,
        "d_e": "ΔΡΑΠΕΤΣΩΝΑ",
        "onomasia": "ΕΚΠΑΙΔΕΥΣΗ (ΔΗΜΟΤΙΚΟ, ΝΗΠΙΑΓΩΓΕΙΑ)",
        "fek_gps": "ΦΕΚ 207Δ/30-04-1991",
        "fek": "../data/FEK/FEK_1991_207_D.pdf|../data/gps/gps_drapetsonas_orsa.jpg",
        "area_sqm": 5844.19,
        "source_file": "ydom_pol_chriseis_gis.shp"
      }
    },
    {
      "type": "Feature",
      "geometry": {
        "type": "Polygon",
        "coordinates": [
          [
            [
              23.627454633,
              37.95134126
            ],
            [
              23.627471217,
              37.950721032
            ],
            [
              23.628771832,
              37.950746214
            ],
            [
              23.628754121,
              37.951350285
            ],
            [
              23.628403861,
              37.951348538
            ],
            [
              23.627454633,
              37.95134126
            ]
          ]
        ]
      },
      "properties": {
        "gid": 50,
        "fid": 50,
        "bid": 177,
        "d_e": "ΔΡΑΠΕΤΣΩΝΑ",
        "onomasia": "ΕΚΠΑΙΔΕΥΣΗ (ΔΗΜΟΤΙΚΟ, ΝΗΠΙΑΓΩΓΕΙΑ)",
        "fek_gps": "ΦΕΚ 207Δ/30-04-1991",
        "fek": "../data/FEK/FEK_1991_207_D.pdf|../data/gps/gps_drapetsonas_orsa.jpg",
        "area_sqm": 7764.93,
        "source_file": "ydom_pol_chriseis_gis.shp"
      }
    },
    {
      "type": "Feature",
      "geometry": {
        "type": "Polygon",
        "coordinates": [
          [
            [
              23.622087051,
              37.971000263
            ],
            [
              23.621545191,
              37.970521115
            ],
            [
              23.621657396,
              37.970156371
            ],
            [
              23.622175855,
              37.970967273
            ],
            [
              23.622087051,
              37.971000263
            ]
          ]
        ]
      },
      "properties": {
        "gid": 51,
        "fid": 51,
        "bid": 7,
        "d_e": "ΚΕΡΑΤΣΙΝΙ",
        "onomasia": "ΠΡΑΣΙΝΟ",
        "fek_gps": "ΦΕΚ 142ΑΑΠ/05-05-2014",
        "fek": "../data/FEK/FEK_2014_142_AAP.pdf|../data/gps/gps_keratsini_orsa.jpg",
        "area_sqm": 1659.25,
        "source_file": "ydom_pol_chriseis_gis.shp"
      }
    },
    {
      "type": "Feature",
      "geometry": {
        "type": "Polygon",
        "coordinates": [
          [
            [
              23.619201367,
              37.947559412
            ],
            [
              23.617378133,
              37.947822821
            ],
            [
              23.616516165,
              37.946672913
            ],
            [
              23.616610893,
              37.946622479
            ],
            [
              23.617060568,
              37.946382849
            ],
            [
              23.617048924,
              37.94579194
            ],
            [
              23.617619293,
              37.945774578
            ],
            [
              23.617680781,
              37.945616236
            ],
            [
              23.619148059,
              37.945563863
            ],
            [
              23.619183809,
              37.946267074
            ],
            [
              23.619201006,
              37.946375194
            ],
            [
              23.619201367,
              37.947559412
            ]
          ]
        ]
      },
      "properties": {
        "gid": 52,
        "fid": 52,
        "bid": 181,
        "d_e": "ΔΡΑΠΕΤΣΩΝΑ",
        "onomasia": "ΒΙΟΜΗΧΑΝΙΚΗ ΠΕΡΙΟΧΗ",
        "fek_gps": "ΦΕΚ 207Δ/30-04-1991",
        "fek": "../data/FEK/FEK_1991_207_D.pdf|../data/gps/gps_drapetsonas_orsa.jpg",
        "area_sqm": 44975.94,
        "source_file": "ydom_pol_chriseis_gis.shp"
      }
    },
    {
      "type": "Feature",
      "geometry": {
        "type": "Polygon",
        "coordinates": [
          [
            [
              23.625793037,
              37.952024535
            ],
            [
              23.626213622,
              37.951785622
            ],
            [
              23.626209177,
              37.952035921
            ],
            [
              23.625793037,
              37.952024535
            ]
          ]
        ]
      },
      "properties": {
        "gid": 73,
        "fid": 73,
        "bid": 77,
        "d_e": "ΚΕΡΑΤΣΙΝΙ",
        "onomasia": "ΠΡΑΣΙΝΟ",
        "fek_gps": "ΦΕΚ 142ΑΑΠ/05-05-2014",
        "fek": "../data/FEK/FEK_2014_142_AAP.pdf|../data/gps/gps_keratsini_orsa.jpg",
        "area_sqm": 507.91,
        "source_file": "ydom_pol_chriseis_gis.shp"
      }
    },
    {
      "type": "Feature",
      "geometry": {
        "type": "Polygon",
        "coordinates": [
          [
            [
              23.621597841,
              37.94641355
            ],
            [
              23.621560087,
              37.945748465
            ],
            [
              23.622953645,
              37.945758784
            ],
            [
              23.62294546,
              37.946407666
            ],
            [
              23.621597841,
              37.94641355
            ]
          ]
        ]
      },
      "properties": {
        "gid": 53,
        "fid": 53,
        "bid": 184,
        "d_e": "ΔΡΑΠΕΤΣΩΝΑ",
        "onomasia": "ΤΟΠΙΚΟ ΚΕΝΤΡΟ ΓΕΙΤΟΝΙΑΣ",
        "fek_gps": "ΦΕΚ 207Δ/30-04-1991",
        "fek": "../data/FEK/FEK_1991_207_D.pdf|../data/gps/gps_drapetsonas_orsa.jpg",
        "area_sqm": 8777.94,
        "source_file": "ydom_pol_chriseis_gis.shp"
      }
    },
    {
      "type": "Feature",
      "geometry": {
        "type": "Polygon",
        "coordinates": [
          [
            [
              23.625759389,
              37.964317494
            ],
            [
              23.625630128,
              37.963773209
            ],
            [
              23.625765427,
              37.963767138
            ],
            [
              23.625884421,
              37.964300872
            ],
            [
              23.625759389,
              37.964317494
            ]
          ]
        ]
      },
      "properties": {
        "gid": 54,
        "fid": 54,
        "bid": 91,
        "d_e": "ΚΕΡΑΤΣΙΝΙ",
        "onomasia": "ΠΡΑΣΙΝΟ",
        "fek_gps": "ΦΕΚ 142ΑΑΠ/05-05-2014",
        "fek": "../data/FEK/FEK_2014_142_AAP.pdf|../data/gps/gps_keratsini_orsa.jpg",
        "area_sqm": 697.53,
        "source_file": "ydom_pol_chriseis_gis.shp"
      }
    },
    {
      "type": "Feature",
      "geometry": {
        "type": "Polygon",
        "coordinates": [
          [
            [
              23.626007826,
              37.963754778
            ],
            [
              23.625999758,
              37.963322633
            ],
            [
              23.626065199,
              37.96332376
            ],
            [
              23.626065199,
              37.96332376
            ],
            [
              23.626354739,
              37.963328746
            ],
            [
              23.626368404,
              37.963736709
            ],
            [
              23.626007826,
              37.963754778
            ]
          ]
        ]
      },
      "properties": {
        "gid": 55,
        "fid": 55,
        "bid": 92,
        "d_e": "ΚΕΡΑΤΣΙΝΙ",
        "onomasia": "ΠΡΑΣΙΝΟ",
        "fek_gps": "ΦΕΚ 142ΑΑΠ/05-05-2014",
        "fek": "../data/FEK/FEK_2014_142_AAP.pdf|../data/gps/gps_keratsini_orsa.jpg",
        "area_sqm": 1465.39,
        "source_file": "ydom_pol_chriseis_gis.shp"
      }
    },
    {
      "type": "Feature",
      "geometry": {
        "type": "Polygon",
        "coordinates": [
          [
            [
              23.622769747,
              37.958288991
            ],
            [
              23.623462743,
              37.958324038
            ],
            [
              23.623264276,
              37.957941136
            ],
            [
              23.624479922,
              37.957955011
            ],
            [
              23.624469858,
              37.957391915
            ],
            [
              23.625780501,
              37.957382098
            ],
            [
              23.625776722,
              37.957219927
            ],
            [
              23.626447042,
              37.957221814
            ],
            [
              23.626428156,
              37.956843066
            ],
            [
              23.628557577,
              37.956820943
            ],
            [
              23.628551494,
              37.960873019
            ],
            [
              23.627315163,
              37.960852701
            ],
            [
              23.626082748,
              37.96083562
            ],
            [
              23.62609591,
              37.960112827
            ],
            [
              23.626502284,
              37.960112978
            ],
            [
              23.626503607,
              37.960028115
            ],
            [
              23.62695661,
              37.960025498
            ],
            [
              23.626961898,
              37.959748709
            ],
            [
              23.626773724,
              37.959747461
            ],
            [
              23.626769984,
              37.959529299
            ],
            [
              23.626511344,
              37.95953182
            ],
            [
              23.626512678,
              37.959446241
            ],
            [
              23.625769454,
              37.959445019
            ],
            [
              23.624078036,
              37.959465557
            ],
            [
              23.622951153,
              37.959455734
            ],
            [
              23.622952677,
              37.959344786
            ],
            [
              23.623412124,
              37.959133124
            ],
            [
              23.623749688,
              37.959022135
            ],
            [
              23.624115587,
              37.958918888
            ],
            [
              23.625021147,
              37.958903926
            ],
            [
              23.625024242,
              37.958648326
            ],
            [
              23.625467105,
              37.958397204
            ],
            [
              23.625984194,
              37.958078023
            ],
            [
              23.626475397,
              37.958076005
            ],
            [
              23.626472354,
              37.957714682
            ],
            [
              23.625100731,
              37.958080348
            ],
            [
              23.624047491,
              37.958341611
            ],
            [
              23.623992347,
              37.95831282
            ],
            [
              23.623497896,
              37.958304986
            ],
            [
              23.623610292,
              37.958485956
            ],
            [
              23.624312722,
              37.95833836
            ],
            [
              23.624486685,
              37.958735402
            ],
            [
              23.623498706,
              37.958986049
            ],
            [
              23.623165347,
              37.959105774
            ],
            [
              23.623078999,
              37.958997994
            ],
            [
              23.622699988,
              37.95916361
            ],
            [
              23.62272039,
              37.958907813
            ],
            [
              23.622769747,
              37.958288991
            ]
          ]
        ]
      },
      "properties": {
        "gid": 56,
        "fid": 56,
        "bid": 129,
        "d_e": "ΚΕΡΑΤΣΙΝΙ",
        "onomasia": "ΠΟΛΕΟΔΟΜΙΚΟ ΚΕΝΤΡΟ",
        "fek_gps": "ΦΕΚ 142ΑΑΠ/05-05-2014",
        "fek": "../data/FEK/FEK_2014_142_AAP.pdf|../data/gps/gps_keratsini_orsa.jpg",
        "area_sqm": 134193.58,
        "source_file": "ydom_pol_chriseis_gis.shp"
      }
    },
    {
      "type": "Feature",
      "geometry": {
        "type": "Polygon",
        "coordinates": [
          [
            [
              23.612712356,
              37.965201055
            ],
            [
              23.612681439,
              37.965545426
            ],
            [
              23.61284661,
              37.965551131
            ],
            [
              23.612862583,
              37.965389348
            ],
            [
              23.61366823,
              37.965421226
            ],
            [
              23.613686977,
              37.965235513
            ],
            [
              23.614161373,
              37.965422908
            ],
            [
              23.614068556,
              37.966384627
            ],
            [
              23.614619261,
              37.966406465
            ],
            [
              23.614565708,
              37.967041447
            ],
            [
              23.617024904,
              37.967567728
            ],
            [
              23.617279949,
              37.967523007
            ],
            [
              23.617562243,
              37.967771202
            ],
            [
              23.616437738,
              37.968252333
            ],
            [
              23.616731855,
              37.968598177
            ],
            [
              23.615949352,
              37.968907974
            ],
            [
              23.614373706,
              37.968414774
            ],
            [
              23.614270678,
              37.969253875
            ],
            [
              23.615386808,
              37.969595908
            ],
            [
              23.615427636,
              37.969648099
            ],
            [
              23.616592285,
              37.970146454
            ],
            [
              23.616832117,
              37.969867422
            ],
            [
              23.620789624,
              37.971702066
            ],
            [
              23.620507127,
              37.972261431
            ],
            [
              23.62139189,
              37.972836727
            ],
            [
              23.621717535,
              37.972101786
            ],
            [
              23.621971759,
              37.972221938
            ],
            [
              23.621849509,
              37.972454031
            ],
            [
              23.624957423,
              37.975215715
            ],
            [
              23.624419948,
              37.975600117
            ],
            [
              23.624585055,
              37.975740785
            ],
            [
              23.624382359,
              37.97588619
            ],
            [
              23.624719996,
              37.976187321
            ],
            [
              23.625464561,
              37.975670871
            ],
            [
              23.627716962,
              37.977704591
            ],
            [
              23.628701194,
              37.978156703
            ],
            [
              23.629243637,
              37.978184443
            ],
            [
              23.629296258,
              37.97818605
            ],
            [
              23.62943033,
              37.978190179
            ],
            [
              23.629401851,
              37.978459604
            ],
            [
              23.629385867,
              37.978610809
            ],
            [
              23.628678965,
              37.979035614
            ],
            [
              23.628181952,
              37.97926313
            ],
            [
              23.627963183,
              37.979053789
            ],
            [
              23.627603069,
              37.979287059
            ],
            [
              23.627773039,
              37.979452952
            ],
            [
              23.626934273,
              37.979842309
            ],
            [
              23.626365223,
              37.98010839
            ],
            [
              23.626321593,
              37.980111994
            ],
            [
              23.626287514,
              37.980106343
            ],
            [
              23.626172105,
              37.980160817
            ],
            [
              23.6261707,
              37.980161937
            ],
            [
              23.62233701,
              37.97904587
            ],
            [
              23.622210738,
              37.97888569
            ],
            [
              23.622106067,
              37.978635993
            ],
            [
              23.622487764,
              37.978621199
            ],
            [
              23.622727775,
              37.977698554
            ],
            [
              23.62200251,
              37.977406786
            ],
            [
              23.622112026,
              37.977169718
            ],
            [
              23.62179368,
              37.977117124
            ],
            [
              23.621779134,
              37.977038022
            ],
            [
              23.621107536,
              37.976799158
            ],
            [
              23.621048399,
              37.976668781
            ],
            [
              23.621348156,
              37.976527724
            ],
            [
              23.620252043,
              37.976020202
            ],
            [
              23.6158584,
              37.974142898
            ],
            [
              23.615335615,
              37.974046508
            ],
            [
              23.614305927,
              37.973676248
            ],
            [
              23.6138986,
              37.974373185
            ],
            [
              23.612558867,
              37.973256277
            ],
            [
              23.612602595,
              37.970161082
            ],
            [
              23.612222705,
              37.970080223
            ],
            [
              23.611412948,
              37.969932364
            ],
            [
              23.610572738,
              37.971397519
            ],
            [
              23.608904459,
              37.97023214
            ],
            [
              23.609063568,
              37.969830274
            ],
            [
              23.609049434,
              37.96967637
            ],
            [
              23.608049654,
              37.969598173
            ],
            [
              23.608739083,
              37.968334337
            ],
            [
              23.609887694,
              37.968621934
            ],
            [
              23.61044825,
              37.967824582
            ],
            [
              23.610929122,
              37.967987307
            ],
            [
              23.611368206,
              37.968135888
            ],
            [
              23.611368206,
              37.968135888
            ],
            [
              23.61188813,
              37.967916884
            ],
            [
              23.612179151,
              37.965525253
            ],
            [
              23.612197056,
              37.965277883
            ],
            [
              23.612325214,
              37.965188035
            ],
            [
              23.612712356,
              37.965201055
            ]
          ],
          [
            [
              23.613216315,
              37.967425196
            ],
            [
              23.613522887,
              37.967447917
            ],
            [
              23.613552083,
              37.967110467
            ],
            [
              23.613250551,
              37.967077893
            ],
            [
              23.613216315,
              37.967425196
            ]
          ],
          [
            [
              23.616171428,
              37.972136823
            ],
            [
              23.616362927,
              37.972234171
            ],
            [
              23.617655434,
              37.971344862
            ],
            [
              23.617975144,
              37.97150224
            ],
            [
              23.618092244,
              37.971497645
            ],
            [
              23.618118854,
              37.971189937
            ],
            [
              23.618056952,
              37.971106623
            ],
            [
              23.61769976,
              37.971333269
            ],
            [
              23.617027837,
              37.97096314
            ],
            [
              23.616171428,
              37.972136823
            ]
          ],
          [
            [
              23.61870819,
              37.974877018
            ],
            [
              23.619061837,
              37.974965017
            ],
            [
              23.618941241,
              37.974656691
            ],
            [
              23.618595117,
              37.974560819
            ],
            [
              23.61870819,
              37.974877018
            ]
          ],
          [
            [
              23.623972153,
              37.974913701
            ],
            [
              23.623847531,
              37.974901459
            ],
            [
              23.623508827,
              37.9757926
            ],
            [
              23.623801931,
              37.976018568
            ],
            [
              23.624222318,
              37.975735663
            ],
            [
              23.624083317,
              37.975608886
            ],
            [
              23.623972153,
              37.974913701
            ]
          ],
          [
            [
              23.623662494,
              37.974511999
            ],
            [
              23.623950137,
              37.974341186
            ],
            [
              23.623158306,
              37.97362803
            ],
            [
              23.623070616,
              37.973708681
            ],
            [
              23.623662494,
              37.974511999
            ]
          ],
          [
            [
              23.615686648,
              37.973290001
            ],
            [
              23.616224182,
              37.97349902
            ],
            [
              23.616378592,
              37.973057359
            ],
            [
              23.615721513,
              37.972820315
            ],
            [
              23.615686648,
              37.973290001
            ]
          ],
          [
            [
              23.62283289,
              37.977555675
            ],
            [
              23.624793913,
              37.97790896
            ],
            [
              23.624967726,
              37.977038036
            ],
            [
              23.623742428,
              37.976020684
            ],
            [
              23.623338052,
              37.976188954
            ],
            [
              23.62283289,
              37.977555675
            ]
          ],
          [
            [
              23.625610434,
              37.977270769
            ],
            [
              23.62607039,
              37.977439824
            ],
            [
              23.626098009,
              37.977396535
            ],
            [
              23.626021193,
              37.977317424
            ],
            [
              23.625755914,
              37.977072093
            ],
            [
              23.625545863,
              37.977233101
            ],
            [
              23.625610434,
              37.977270769
            ]
          ],
          [
            [
              23.626478532,
              37.978003047
            ],
            [
              23.626948597,
              37.978144527
            ],
            [
              23.626956209,
              37.978116948
            ],
            [
              23.626728637,
              37.97780273
            ],
            [
              23.626478532,
              37.978003047
            ]
          ],
          [
            [
              23.625356375,
              37.978738855
            ],
            [
              23.625701868,
              37.978885858
            ],
            [
              23.625794401,
              37.978813201
            ],
            [
              23.625548855,
              37.978605394
            ],
            [
              23.625356375,
              37.978738855
            ]
          ],
          [
            [
              23.622701834,
              37.977646101
            ],
            [
              23.622766858,
              37.977595046
            ],
            [
              23.622882931,
              37.977303611
            ],
            [
              23.622718535,
              37.977303084
            ],
            [
              23.622458357,
              37.977523076
            ],
            [
              23.622701834,
              37.977646101
            ]
          ],
          [
            [
              23.621861216,
              37.976420966
            ],
            [
              23.62204355,
              37.976322968
            ],
            [
              23.621797699,
              37.976178246
            ],
            [
              23.621660087,
              37.976298075
            ],
            [
              23.621861216,
              37.976420966
            ]
          ],
          [
            [
              23.613381439,
              37.972412865
            ],
            [
              23.613956239,
              37.972582483
            ],
            [
              23.613713308,
              37.972448708
            ],
            [
              23.613409163,
              37.972296108
            ],
            [
              23.613381439,
              37.972412865
            ]
          ],
          [
            [
              23.6131063,
              37.972133385
            ],
            [
              23.613444577,
              37.972251345
            ],
            [
              23.613841172,
              37.972450574
            ],
            [
              23.614003888,
              37.972154218
            ],
            [
              23.613315503,
              37.971876529
            ],
            [
              23.6131063,
              37.972133385
            ]
          ],
          [
            [
              23.613916288,
              37.972487782
            ],
            [
              23.614248237,
              37.972664143
            ],
            [
              23.614624005,
              37.972814415
            ],
            [
              23.614770412,
              37.972467928
            ],
            [
              23.614089546,
              37.972191461
            ],
            [
              23.613916288,
              37.972487782
            ]
          ],
          [
            [
              23.614750244,
              37.972868484
            ],
            [
              23.615593477,
              37.973205094
            ],
            [
              23.615652349,
              37.973180248
            ],
            [
              23.615652633,
              37.972836858
            ],
            [
              23.614892144,
              37.972519596
            ],
            [
              23.614750244,
              37.972868484
            ]
          ],
          [
            [
              23.616257888,
              37.973462421
            ],
            [
              23.616785524,
              37.973664452
            ],
            [
              23.616885162,
              37.973330925
            ],
            [
              23.616375622,
              37.973125377
            ],
            [
              23.616257888,
              37.973462421
            ]
          ],
          [
            [
              23.615620566,
              37.973787038
            ],
            [
              23.616026398,
              37.97395052
            ],
            [
              23.616272366,
              37.973574547
            ],
            [
              23.615901091,
              37.973427871
            ],
            [
              23.615620566,
              37.973787038
            ]
          ],
          [
            [
              23.616089535,
              37.973974572
            ],
            [
              23.616549438,
              37.974168037
            ],
            [
              23.616747373,
              37.973759714
            ],
            [
              23.616334034,
              37.973591441
            ],
            [
              23.616089535,
              37.973974572
            ]
          ],
          [
            [
              23.616771428,
              37.974057874
            ],
            [
              23.617923394,
              37.974518192
            ],
            [
              23.617966242,
              37.974388367
            ],
            [
              23.617793397,
              37.974316266
            ],
            [
              23.617857295,
              37.974193664
            ],
            [
              23.616851668,
              37.97379931
            ],
            [
              23.616771428,
              37.974057874
            ]
          ],
          [
            [
              23.618018051,
              37.974563807
            ],
            [
              23.618590839,
              37.974775515
            ],
            [
              23.618634889,
              37.974704119
            ],
            [
              23.618558669,
              37.974588216
            ],
            [
              23.61806398,
              37.974420877
            ],
            [
              23.618018051,
              37.974563807
            ]
          ],
          [
            [
              23.619105088,
              37.974947685
            ],
            [
              23.619201315,
              37.974981381
            ],
            [
              23.61932765,
              37.974726632
            ],
            [
              23.619032909,
              37.974632676
            ],
            [
              23.618985747,
              37.974723141
            ],
            [
              23.619105088,
              37.974947685
            ]
          ]
        ]
      },
      "properties": {
        "gid": 57,
        "fid": 57,
        "bid": 46,
        "d_e": "ΚΕΡΑΤΣΙΝΙ",
        "onomasia": "ΓΕΝΙΚΗ ΚΑΤΟΙΚΙΑ Β",
        "fek_gps": "ΦΕΚ 142ΑΑΠ/05-05-2014",
        "fek": "../data/FEK/FEK_2014_142_AAP.pdf|../data/gps/gps_keratsini_orsa.jpg",
        "area_sqm": 827477.25,
        "source_file": "ydom_pol_chriseis_gis.shp"
      }
    },
    {
      "type": "Feature",
      "geometry": {
        "type": "Polygon",
        "coordinates": [
          [
            [
              23.631923685,
              37.972589266
            ],
            [
              23.63172618,
              37.972572491
            ],
            [
              23.631261273,
              37.972181663
            ],
            [
              23.631008174,
              37.971992077
            ],
            [
              23.630832782,
              37.971925396
            ],
            [
              23.6308374,
              37.971799383
            ],
            [
              23.629937751,
              37.970992423
            ],
            [
              23.628936142,
              37.970640634
            ],
            [
              23.628503481,
              37.970495178
            ],
            [
              23.628406582,
              37.969589302
            ],
            [
              23.628406572,
              37.969585071
            ],
            [
              23.62835232,
              37.968643404
            ],
            [
              23.62789231,
              37.968409644
            ],
            [
              23.627572164,
              37.968073702
            ],
            [
              23.627184824,
              37.967809449
            ],
            [
              23.627184824,
              37.967809449
            ],
            [
              23.626734171,
              37.967784595
            ],
            [
              23.627021888,
              37.967412342
            ],
            [
              23.627183851,
              37.967201074
            ],
            [
              23.627341771,
              37.966949086
            ],
            [
              23.62757732,
              37.966724087
            ],
            [
              23.627920838,
              37.966428512
            ],
            [
              23.627873242,
              37.966214118
            ],
            [
              23.628066489,
              37.966021394
            ],
            [
              23.628425208,
              37.965952774
            ],
            [
              23.628567076,
              37.965821075
            ],
            [
              23.628748752,
              37.965698414
            ],
            [
              23.6287783,
              37.965722158
            ],
            [
              23.629051755,
              37.965518314
            ],
            [
              23.629035999,
              37.965829126
            ],
            [
              23.629441272,
              37.96589887
            ],
            [
              23.629850624,
              37.965956475
            ],
            [
              23.630060683,
              37.965877485
            ],
            [
              23.630816059,
              37.965701533
            ],
            [
              23.632196007,
              37.965929676
            ],
            [
              23.631817155,
              37.966331444
            ],
            [
              23.631976825,
              37.966461013
            ],
            [
              23.631699502,
              37.96659551
            ],
            [
              23.631493043,
              37.966824475
            ],
            [
              23.631184886,
              37.966880156
            ],
            [
              23.630914219,
              37.9672134
            ],
            [
              23.631178456,
              37.967605652
            ],
            [
              23.631458748,
              37.968035772
            ],
            [
              23.631686874,
              37.968339313
            ],
            [
              23.632075698,
              37.968446304
            ],
            [
              23.632075698,
              37.968446304
            ],
            [
              23.632059168,
              37.968896847
            ],
            [
              23.632039278,
              37.969438942
            ],
            [
              23.6320121,
              37.970179659
            ],
            [
              23.63198533,
              37.970909264
            ],
            [
              23.631923685,
              37.972589266
            ]
          ],
          [
            [
              23.62804262,
              37.968141464
            ],
            [
              23.628603614,
              37.967910883
            ],
            [
              23.628005825,
              37.966816068
            ],
            [
              23.627663523,
              37.966793471
            ],
            [
              23.627269653,
              37.967295658
            ],
            [
              23.627636503,
              37.96783898
            ],
            [
              23.62804262,
              37.968141464
            ]
          ],
          [
            [
              23.629001838,
              37.967534022
            ],
            [
              23.628997803,
              37.967793866
            ],
            [
              23.629514562,
              37.967812201
            ],
            [
              23.629528062,
              37.967550795
            ],
            [
              23.629001838,
              37.967534022
            ]
          ]
        ]
      },
      "properties": {
        "gid": 58,
        "fid": 58,
        "bid": 5,
        "d_e": "ΚΕΡΑΤΣΙΝΙ",
        "onomasia": "ΛΟΦΟΣ ΣΕΛΕΠΙΤΣΑΡΙ",
        "fek_gps": "ΦΕΚ 142ΑΑΠ/05-05-2014",
        "fek": "../data/FEK/FEK_2014_142_AAP.pdf|../data/gps/gps_keratsini_orsa.jpg",
        "area_sqm": 194621.05,
        "source_file": "ydom_pol_chriseis_gis.shp"
      }
    },
    {
      "type": "Feature",
      "geometry": {
        "type": "Polygon",
        "coordinates": [
          [
            [
              23.592758649,
              37.983585749
            ],
            [
              23.596342139,
              37.979576649
            ],
            [
              23.598413979,
              37.977258486
            ],
            [
              23.598312183,
              37.97810435
            ],
            [
              23.599737081,
              37.979015523
            ],
            [
              23.599675667,
              37.979311192
            ],
            [
              23.600004685,
              37.979572684
            ],
            [
              23.600690855,
              37.979598686
            ],
            [
              23.600867714,
              37.980072691
            ],
            [
              23.600999784,
              37.980534709
            ],
            [
              23.601119292,
              37.983103282
            ],
            [
              23.60105645,
              37.984163826
            ],
            [
              23.600404017,
              37.984170475
            ],
            [
              23.599455767,
              37.984220427
            ],
            [
              23.59891145,
              37.98453092
            ],
            [
              23.598268398,
              37.984854088
            ],
            [
              23.597574732,
              37.985411341
            ],
            [
              23.596445853,
              37.984366313
            ],
            [
              23.596060941,
              37.984091687
            ],
            [
              23.595559968,
              37.983992357
            ],
            [
              23.594854462,
              37.983710117
            ],
            [
              23.594278712,
              37.983753683
            ],
            [
              23.59315227,
              37.983769315
            ],
            [
              23.592758649,
              37.983585749
            ]
          ]
        ]
      },
      "properties": {
        "gid": 59,
        "fid": 59,
        "bid": 3,
        "d_e": "ΚΕΡΑΤΣΙΝΙ",
        "onomasia": "Ε2 - ΒΙΟΜΗΧΑΝΙΚΗ ΠΕΡΙΟΧΗ ΣΧΙΣΤΟΥ",
        "fek_gps": "ΦΕΚ 142ΑΑΠ/05-05-2014",
        "fek": "../data/FEK/FEK_2014_142_AAP.pdf|../data/gps/gps_keratsini_orsa.jpg",
        "area_sqm": 343217.91,
        "source_file": "ydom_pol_chriseis_gis.shp"
      }
    },
    {
      "type": "Feature",
      "geometry": {
        "type": "Polygon",
        "coordinates": [
          [
            [
              23.626276943,
              37.952409005
            ],
            [
              23.626843702,
              37.952416542
            ],
            [
              23.626820119,
              37.952780819
            ],
            [
              23.626271513,
              37.952763757
            ],
            [
              23.626276943,
              37.952409005
            ]
          ]
        ]
      },
      "properties": {
        "gid": 74,
        "fid": 74,
        "bid": 78,
        "d_e": "ΚΕΡΑΤΣΙΝΙ",
        "onomasia": "ΕΚΠΑΙΔΕΥΣΗ",
        "fek_gps": "ΦΕΚ 142ΑΑΠ/05-05-2014",
        "fek": "../data/FEK/FEK_2014_142_AAP.pdf|../data/gps/gps_keratsini_orsa.jpg",
        "area_sqm": 1956.13,
        "source_file": "ydom_pol_chriseis_gis.shp"
      }
    },
    {
      "type": "Feature",
      "geometry": {
        "type": "Polygon",
        "coordinates": [
          [
            [
              23.592758649,
              37.983585749
            ],
            [
              23.59315227,
              37.983769315
            ],
            [
              23.594278712,
              37.983753683
            ],
            [
              23.594854462,
              37.983710117
            ],
            [
              23.595559968,
              37.983992357
            ],
            [
              23.596060941,
              37.984091687
            ],
            [
              23.596445853,
              37.984366313
            ],
            [
              23.597574732,
              37.985411341
            ],
            [
              23.597030202,
              37.985718044
            ],
            [
              23.596882141,
              37.985730551
            ],
            [
              23.595256258,
              37.985360562
            ],
            [
              23.591881615,
              37.984548509
            ],
            [
              23.592758649,
              37.983585749
            ]
          ]
        ]
      },
      "properties": {
        "gid": 60,
        "fid": 60,
        "bid": 4,
        "d_e": "ΚΕΡΑΤΣΙΝΙ",
        "onomasia": "Ε3 - ΣΤΑΘΜΟΣ ΜΕΤΑΦΟΡΤΩΣΗΣ - ΚΤΗΝΙΑΤΡΕΙΟ",
        "fek_gps": "ΦΕΚ 142ΑΑΠ/05-05-2014",
        "fek": "../data/FEK/FEK_2014_142_AAP.pdf|../data/gps/gps_keratsini_orsa.jpg",
        "area_sqm": 61628.09,
        "source_file": "ydom_pol_chriseis_gis.shp"
      }
    },
    {
      "type": "Feature",
      "geometry": {
        "type": "Polygon",
        "coordinates": [
          [
            [
              23.611531795,
              37.953587295
            ],
            [
              23.611279672,
              37.953116212
            ],
            [
              23.611201815,
              37.952812728
            ],
            [
              23.610994283,
              37.952725547
            ],
            [
              23.610824383,
              37.952729323
            ],
            [
              23.610526697,
              37.952677264
            ],
            [
              23.610484046,
              37.952553538
            ],
            [
              23.611167485,
              37.952584253
            ],
            [
              23.611339825,
              37.952643695
            ],
            [
              23.611236729,
              37.952081619
            ],
            [
              23.611229997,
              37.951859998
            ],
            [
              23.612000445,
              37.951865755
            ],
            [
              23.612001576,
              37.952090905
            ],
            [
              23.612235813,
              37.952098787
            ],
            [
              23.612244635,
              37.952190035
            ],
            [
              23.612240914,
              37.952576661
            ],
            [
              23.61290494,
              37.95259218
            ],
            [
              23.612911768,
              37.953004185
            ],
            [
              23.613979085,
              37.953013478
            ],
            [
              23.613970447,
              37.953392205
            ],
            [
              23.613518132,
              37.953377299
            ],
            [
              23.613507203,
              37.95367731
            ],
            [
              23.613963834,
              37.953682164
            ],
            [
              23.613945494,
              37.954486276
            ],
            [
              23.613942827,
              37.954603208
            ],
            [
              23.614361139,
              37.95496413
            ],
            [
              23.614043946,
              37.955160924
            ],
            [
              23.613934216,
              37.955083746
            ],
            [
              23.613906845,
              37.954605645
            ],
            [
              23.613821071,
              37.954489578
            ],
            [
              23.613234064,
              37.954020911
            ],
            [
              23.611680669,
              37.953581197
            ],
            [
              23.611562877,
              37.953912134
            ],
            [
              23.611598518,
              37.954109539
            ],
            [
              23.612600728,
              37.955040086
            ],
            [
              23.611114332,
              37.95596669
            ],
            [
              23.610938043,
              37.955811049
            ],
            [
              23.611061148,
              37.955726427
            ],
            [
              23.610989388,
              37.955655679
            ],
            [
              23.61146365,
              37.955352143
            ],
            [
              23.610833495,
              37.954748674
            ],
            [
              23.610956403,
              37.95466446
            ],
            [
              23.6108809,
              37.954562684
            ],
            [
              23.611472041,
              37.954158185
            ],
            [
              23.610752489,
              37.953942009
            ],
            [
              23.610497976,
              37.953845019
            ],
            [
              23.609740737,
              37.953914425
            ],
            [
              23.609696411,
              37.954005804
            ],
            [
              23.609353096,
              37.95421133
            ],
            [
              23.609166743,
              37.954031883
            ],
            [
              23.609436543,
              37.95385823
            ],
            [
              23.609436543,
              37.953858231
            ],
            [
              23.609816016,
              37.953848509
            ],
            [
              23.610565912,
              37.953803385
            ],
            [
              23.610548527,
              37.953538068
            ],
            [
              23.611020077,
              37.953519212
            ],
            [
              23.611531795,
              37.953587295
            ]
          ]
        ]
      },
      "properties": {
        "gid": 61,
        "fid": 61,
        "bid": 85,
        "d_e": "ΚΕΡΑΤΣΙΝΙ",
        "onomasia": "ΠΡΑΣΙΝΟ",
        "fek_gps": "ΦΕΚ 142ΑΑΠ/05-05-2014",
        "fek": "../data/FEK/FEK_2014_142_AAP.pdf|../data/gps/gps_keratsini_orsa.jpg",
        "area_sqm": 59164.18,
        "source_file": "ydom_pol_chriseis_gis.shp"
      }
    },
    {
      "type": "Feature",
      "geometry": {
        "type": "Polygon",
        "coordinates": [
          [
            [
              23.614043946,
              37.955160924
            ],
            [
              23.614117281,
              37.955115787
            ],
            [
              23.614641938,
              37.955920923
            ],
            [
              23.614084276,
              37.95626908
            ],
            [
              23.613985537,
              37.956334386
            ],
            [
              23.613267422,
              37.955628905
            ],
            [
              23.614043946,
              37.955160924
            ]
          ]
        ]
      },
      "properties": {
        "gid": 62,
        "fid": 62,
        "bid": 87,
        "d_e": "ΚΕΡΑΤΣΙΝΙ",
        "onomasia": "ΑΘΛΗΤΙΣΜΟΣ",
        "fek_gps": "ΦΕΚ 142ΑΑΠ/05-05-2014",
        "fek": "../data/FEK/FEK_2014_142_AAP.pdf|../data/gps/gps_keratsini_orsa.jpg",
        "area_sqm": 8337.4,
        "source_file": "ydom_pol_chriseis_gis.shp"
      }
    },
    {
      "type": "Feature",
      "geometry": {
        "type": "Polygon",
        "coordinates": [
          [
            [
              23.625898018,
              37.963075827
            ],
            [
              23.625754677,
              37.962796141
            ],
            [
              23.625794187,
              37.962784831
            ],
            [
              23.625710264,
              37.962617759
            ],
            [
              23.626047145,
              37.962618914
            ],
            [
              23.626019597,
              37.963066592
            ],
            [
              23.625973499,
              37.963070093
            ],
            [
              23.625898018,
              37.963075827
            ]
          ]
        ]
      },
      "properties": {
        "gid": 63,
        "fid": 63,
        "bid": 94,
        "d_e": "ΚΕΡΑΤΣΙΝΙ",
        "onomasia": "ΠΡΑΣΙΝΟ",
        "fek_gps": "ΦΕΚ 142ΑΑΠ/05-05-2014",
        "fek": "../data/FEK/FEK_2014_142_AAP.pdf|../data/gps/gps_keratsini_orsa.jpg",
        "area_sqm": 1042.24,
        "source_file": "ydom_pol_chriseis_gis.shp"
      }
    },
    {
      "type": "Feature",
      "geometry": {
        "type": "Polygon",
        "coordinates": [
          [
            [
              23.632092439,
              37.964834807
            ],
            [
              23.632161421,
              37.965923959
            ],
            [
              23.630816059,
              37.965701533
            ],
            [
              23.630060683,
              37.965877486
            ],
            [
              23.629807355,
              37.965588685
            ],
            [
              23.629466187,
              37.965464654
            ],
            [
              23.629267093,
              37.965366702
            ],
            [
              23.629399749,
              37.96517539
            ],
            [
              23.628665337,
              37.965172964
            ],
            [
              23.628733644,
              37.965318776
            ],
            [
              23.629081329,
              37.965496268
            ],
            [
              23.6287783,
              37.965722158
            ],
            [
              23.628748752,
              37.965698414
            ],
            [
              23.62842675,
              37.965472444
            ],
            [
              23.628261395,
              37.965595318
            ],
            [
              23.627809597,
              37.965940197
            ],
            [
              23.627518187,
              37.965878468
            ],
            [
              23.627312169,
              37.965723683
            ],
            [
              23.6272805,
              37.96574806
            ],
            [
              23.627461512,
              37.966172991
            ],
            [
              23.627338981,
              37.966386428
            ],
            [
              23.627240604,
              37.966430783
            ],
            [
              23.627229818,
              37.966507643
            ],
            [
              23.627227927,
              37.966948725
            ],
            [
              23.626992451,
              37.967141469
            ],
            [
              23.626792754,
              37.967157689
            ],
            [
              23.626555276,
              37.967450398
            ],
            [
              23.626291124,
              37.967454865
            ],
            [
              23.626281692,
              37.967441128
            ],
            [
              23.626204568,
              37.967442531
            ],
            [
              23.62618026,
              37.967456739
            ],
            [
              23.626140366,
              37.967457414
            ],
            [
              23.626133522,
              37.967775874
            ],
            [
              23.626734171,
              37.967784595
            ],
            [
              23.627184824,
              37.967809449
            ],
            [
              23.627572164,
              37.968073702
            ],
            [
              23.627572164,
              37.968073702
            ],
            [
              23.62789231,
              37.968409644
            ],
            [
              23.62835232,
              37.968643404
            ],
            [
              23.628406572,
              37.969585071
            ],
            [
              23.627516906,
              37.969562634
            ],
            [
              23.627617383,
              37.970621622
            ],
            [
              23.628425851,
              37.970467882
            ],
            [
              23.628503481,
              37.970495178
            ],
            [
              23.628936142,
              37.970640634
            ],
            [
              23.628945445,
              37.971195371
            ],
            [
              23.629832033,
              37.971199704
            ],
            [
              23.629864058,
              37.971407635
            ],
            [
              23.6298615,
              37.971877198
            ],
            [
              23.630832782,
              37.971925396
            ],
            [
              23.631008174,
              37.971992077
            ],
            [
              23.631261273,
              37.972181663
            ],
            [
              23.631232056,
              37.972542654
            ],
            [
              23.63172618,
              37.972572491
            ],
            [
              23.631923685,
              37.972589266
            ],
            [
              23.631662456,
              37.977565766
            ],
            [
              23.62921529,
              37.977404844
            ],
            [
              23.628707465,
              37.977370767
            ],
            [
              23.628782372,
              37.976372137
            ],
            [
              23.628252256,
              37.976347688
            ],
            [
              23.628482735,
              37.976025912
            ],
            [
              23.628650612,
              37.975628559
            ],
            [
              23.627986119,
              37.975518017
            ],
            [
              23.627656834,
              37.975770827
            ],
            [
              23.626438,
              37.975037233
            ],
            [
              23.626740976,
              37.974718433
            ],
            [
              23.62663908,
              37.974673747
            ],
            [
              23.626502212,
              37.974653947
            ],
            [
              23.626332645,
              37.974665537
            ],
            [
              23.626271344,
              37.974669043
            ],
            [
              23.625929982,
              37.974710255
            ],
            [
              23.625794642,
              37.974651259
            ],
            [
              23.625564756,
              37.973785061
            ],
            [
              23.624968268,
              37.973884023
            ],
            [
              23.624775633,
              37.972969137
            ],
            [
              23.623897301,
              37.973127387
            ],
            [
              23.623141497,
              37.970622922
            ],
            [
              23.622547691,
              37.969801101
            ],
            [
              23.622358933,
              37.96974193
            ],
            [
              23.623093485,
              37.96755296
            ],
            [
              23.623041039,
              37.967360827
            ],
            [
              23.623341001,
              37.9665679
            ],
            [
              23.623901041,
              37.966351698
            ],
            [
              23.624063642,
              37.966183248
            ],
            [
              23.624154191,
              37.965996986
            ],
            [
              23.6244809,
              37.96599642
            ],
            [
              23.624808938,
              37.965822856
            ],
            [
              23.624962768,
              37.965451704
            ],
            [
              23.625807654,
              37.96560944
            ],
            [
              23.628344489,
              37.964813182
            ],
            [
              23.629148013,
              37.964560957
            ],
            [
              23.630413959,
              37.964530778
            ],
            [
              23.631073029,
              37.96463859
            ],
            [
              23.632092439,
              37.964834807
            ]
          ],
          [
            [
              23.626563896,
              37.96715282
            ],
            [
              23.626722724,
              37.967150635
            ],
            [
              23.626727886,
              37.966969788
            ],
            [
              23.626560569,
              37.966971274
            ],
            [
              23.626563896,
              37.96715282
            ]
          ],
          [
            [
              23.625803061,
              37.968968444
            ],
            [
              23.626757697,
              37.968966097
            ],
            [
              23.626752808,
              37.968589565
            ],
            [
              23.625801602,
              37.968586543
            ],
            [
              23.625803061,
              37.968968444
            ]
          ],
          [
            [
              23.626197376,
              37.970597059
            ],
            [
              23.626369651,
              37.970902708
            ],
            [
              23.626687447,
              37.971195297
            ],
            [
              23.62676193,
              37.97134152
            ],
            [
              23.626948406,
              37.971310786
            ],
            [
              23.627025059,
              37.97122445
            ],
            [
              23.626998678,
              37.971121547
            ],
            [
              23.626942073,
              37.971042263
            ],
            [
              23.626830494,
              37.970771896
            ],
            [
              23.626541228,
              37.970823768
            ],
            [
              23.626511911,
              37.970768231
            ],
            [
              23.626408655,
              37.970587623
            ],
            [
              23.626399886,
              37.970567658
            ],
            [
              23.626369708,
              37.970557827
            ],
            [
              23.627008665,
              37.970393625
            ],
            [
              23.62678033,
              37.96994494
            ],
            [
              23.626784982,
              37.969546316
            ],
            [
              23.625810461,
              37.969518451
            ],
            [
              23.625752275,
              37.969299074
            ],
            [
              23.625510868,
              37.969377121
            ],
            [
              23.626197376,
              37.970597059
            ]
          ],
          [
            [
              23.62316066,
              37.969173118
            ],
            [
              23.62306798,
              37.969507946
            ],
            [
              23.623113328,
              37.969527905
            ],
            [
              23.623697281,
              37.969270327
            ],
            [
              23.62316066,
              37.969173118
            ]
          ],
          [
            [
              23.628225276,
              37.972645826
            ],
            [
              23.628721682,
              37.972599648
            ],
            [
              23.628670646,
              37.972339139
            ],
            [
              23.62812304,
              37.972383353
            ],
            [
              23.628225276,
              37.972645826
            ]
          ],
          [
            [
              23.626614872,
              37.972219124
            ],
            [
              23.626649855,
              37.972447292
            ],
            [
              23.626833631,
              37.973066625
            ],
            [
              23.627453178,
              37.972974899
            ],
            [
              23.627086033,
              37.972663841
            ],
            [
              23.627291218,
              37.972596026
            ],
            [
              23.627125573,
              37.97247545
            ],
            [
              23.627211306,
              37.972438248
            ],
            [
              23.627033214,
              37.972306934
            ],
            [
              23.626902135,
              37.972344306
            ],
            [
              23.626810734,
              37.972194522
            ],
            [
              23.626743166,
              37.972053773
            ],
            [
              23.626734956,
              37.971877179
            ],
            [
              23.626749269,
              37.971747501
            ],
            [
              23.626932257,
              37.97156791
            ],
            [
              23.626927961,
              37.971517448
            ],
            [
              23.626536205,
              37.97157386
            ],
            [
              23.626614872,
              37.972219124
            ]
          ],
          [
            [
              23.626992015,
              37.97415176
            ],
            [
              23.62708322,
              37.973960716
            ],
            [
              23.627286172,
              37.973594161
            ],
            [
              23.628328873,
              37.974218151
            ],
            [
              23.628214808,
              37.97472137
            ],
            [
              23.628659975,
              37.974786116
            ],
            [
              23.628867098,
              37.974953436
            ],
            [
              23.628955822,
              37.974957088
            ],
            [
              23.628959721,
              37.974788381
            ],
            [
              23.628701642,
              37.974792274
            ],
            [
              23.62859203,
              37.97461626
            ],
            [
              23.628751381,
              37.974611358
            ],
            [
              23.62880335,
              37.974234963
            ],
            [
              23.628580326,
              37.974228854
            ],
            [
              23.628523182,
              37.97382509
            ],
            [
              23.62821591,
              37.973825921
            ],
            [
              23.627979737,
              37.973268444
            ],
            [
              23.628029169,
              37.972944291
            ],
            [
              23.627606034,
              37.972903315
            ],
            [
              23.627329917,
              37.973495205
            ],
            [
              23.626976833,
              37.973547577
            ],
            [
              23.626179809,
              37.973687278
            ],
            [
              23.626236215,
              37.973860964
            ],
            [
              23.62656275,
              37.973812709
            ],
            [
              23.626665463,
              37.974187653
            ],
            [
              23.626992015,
              37.97415176
            ]
          ],
          [
            [
              23.630459144,
              37.97463914
            ],
            [
              23.630695844,
              37.974641685
            ],
            [
              23.630703593,
              37.974457934
            ],
            [
              23.63046235,
              37.974453573
            ],
            [
              23.630459144,
              37.97463914
            ]
          ]
        ]
      },
      "properties": {
        "gid": 64,
        "fid": 64,
        "bid": 6,
        "d_e": "ΚΕΡΑΤΣΙΝΙ",
        "onomasia": "ΓΕΝΙΚΗ ΚΑΤΟΙΚΙΑ Β",
        "fek_gps": "ΦΕΚ 142ΑΑΠ/05-05-2014",
        "fek": "../data/FEK/FEK_2014_142_AAP.pdf|../data/gps/gps_keratsini_orsa.jpg",
        "area_sqm": 595603.65,
        "source_file": "ydom_pol_chriseis_gis.shp"
      }
    },
    {
      "type": "Feature",
      "geometry": {
        "type": "Polygon",
        "coordinates": [
          [
            [
              23.615259902,
              37.961346671
            ],
            [
              23.615287176,
              37.961575846
            ],
            [
              23.615357458,
              37.961575261
            ],
            [
              23.615422518,
              37.961834066
            ],
            [
              23.615907691,
              37.96183666
            ],
            [
              23.615988834,
              37.962039406
            ],
            [
              23.614839278,
              37.96208229
            ],
            [
              23.614776446,
              37.961363371
            ],
            [
              23.615259902,
              37.961346671
            ]
          ]
        ]
      },
      "properties": {
        "gid": 65,
        "fid": 65,
        "bid": 66,
        "d_e": "ΚΕΡΑΤΣΙΝΙ",
        "onomasia": "ΕΚΠΑΙΔΕΥΣΗ",
        "fek_gps": "ΦΕΚ 142ΑΑΠ/05-05-2014",
        "fek": "../data/FEK/FEK_2014_142_AAP.pdf|../data/gps/gps_keratsini_orsa.jpg",
        "area_sqm": 5000.01,
        "source_file": "ydom_pol_chriseis_gis.shp"
      }
    },
    {
      "type": "Feature",
      "geometry": {
        "type": "Polygon",
        "coordinates": [
          [
            [
              23.61848923,
              37.962263116
            ],
            [
              23.618458839,
              37.961903199
            ],
            [
              23.618993806,
              37.961888878
            ],
            [
              23.618981584,
              37.961618214
            ],
            [
              23.619560098,
              37.961609678
            ],
            [
              23.619593322,
              37.962199866
            ],
            [
              23.61848923,
              37.962263116
            ]
          ],
          [
            [
              23.619018491,
              37.96198372
            ],
            [
              23.619376401,
              37.961986731
            ],
            [
              23.619382016,
              37.961805239
            ],
            [
              23.61901941,
              37.961805918
            ],
            [
              23.619018491,
              37.96198372
            ]
          ]
        ]
      },
      "properties": {
        "gid": 66,
        "fid": 66,
        "bid": 68,
        "d_e": "ΚΕΡΑΤΣΙΝΙ",
        "onomasia": "ΠΡΑΣΙΝΟ",
        "fek_gps": "ΦΕΚ 142ΑΑΠ/05-05-2014",
        "fek": "../data/FEK/FEK_2014_142_AAP.pdf|../data/gps/gps_keratsini_orsa.jpg",
        "area_sqm": 4605.26,
        "source_file": "ydom_pol_chriseis_gis.shp"
      }
    },
    {
      "type": "Feature",
      "geometry": {
        "type": "Polygon",
        "coordinates": [
          [
            [
              23.620253722,
              37.962162028
            ],
            [
              23.620035139,
              37.962174553
            ],
            [
              23.619593322,
              37.962199866
            ],
            [
              23.619560098,
              37.961609678
            ],
            [
              23.620261807,
              37.961599319
            ],
            [
              23.620253722,
              37.962162028
            ]
          ]
        ]
      },
      "properties": {
        "gid": 67,
        "fid": 67,
        "bid": 69,
        "d_e": "ΚΕΡΑΤΣΙΝΙ",
        "onomasia": "ΕΚΠΑΙΔΕΥΣΗ",
        "fek_gps": "ΦΕΚ 142ΑΑΠ/05-05-2014",
        "fek": "../data/FEK/FEK_2014_142_AAP.pdf|../data/gps/gps_keratsini_orsa.jpg",
        "area_sqm": 3829.41,
        "source_file": "ydom_pol_chriseis_gis.shp"
      }
    },
    {
      "type": "Feature",
      "geometry": {
        "type": "Polygon",
        "coordinates": [
          [
            [
              23.620101346,
              37.962846573
            ],
            [
              23.620035139,
              37.962174552
            ],
            [
              23.620253722,
              37.962162028
            ],
            [
              23.620216908,
              37.962847857
            ],
            [
              23.620101346,
              37.962846573
            ]
          ]
        ]
      },
      "properties": {
        "gid": 68,
        "fid": 68,
        "bid": 70,
        "d_e": "ΚΕΡΑΤΣΙΝΙ",
        "onomasia": "ΠΡΑΣΙΝΟ",
        "fek_gps": "ΦΕΚ 142ΑΑΠ/05-05-2014",
        "fek": "../data/FEK/FEK_2014_142_AAP.pdf|../data/gps/gps_keratsini_orsa.jpg",
        "area_sqm": 1106.35,
        "source_file": "ydom_pol_chriseis_gis.shp"
      }
    },
    {
      "type": "Feature",
      "geometry": {
        "type": "Polygon",
        "coordinates": [
          [
            [
              23.624294388,
              37.952745542
            ],
            [
              23.624293045,
              37.952417237
            ],
            [
              23.624986734,
              37.952425742
            ],
            [
              23.624971263,
              37.9527477
            ],
            [
              23.624294388,
              37.952745542
            ]
          ]
        ]
      },
      "properties": {
        "gid": 71,
        "fid": 71,
        "bid": 75,
        "d_e": "ΚΕΡΑΤΣΙΝΙ",
        "onomasia": "ΠΡΑΣΙΝΟ",
        "fek_gps": "ΦΕΚ 142ΑΑΠ/05-05-2014",
        "fek": "../data/FEK/FEK_2014_142_AAP.pdf|../data/gps/gps_keratsini_orsa.jpg",
        "area_sqm": 2172.25,
        "source_file": "ydom_pol_chriseis_gis.shp"
      }
    },
    {
      "type": "Feature",
      "geometry": {
        "type": "Polygon",
        "coordinates": [
          [
            [
              23.620338472,
              37.951626774
            ],
            [
              23.62034974,
              37.951256053
            ],
            [
              23.619225373,
              37.95124493
            ],
            [
              23.619234725,
              37.950608848
            ],
            [
              23.620968144,
              37.950636743
            ],
            [
              23.620955671,
              37.95125669
            ],
            [
              23.620949016,
              37.951636574
            ],
            [
              23.620338472,
              37.951626774
            ]
          ]
        ]
      },
      "properties": {
        "gid": 72,
        "fid": 72,
        "bid": 79,
        "d_e": "ΚΕΡΑΤΣΙΝΙ",
        "onomasia": "ΕΚΠΑΙΔΕΥΣΗ",
        "fek_gps": "ΦΕΚ 142ΑΑΠ/05-05-2014",
        "fek": "../data/FEK/FEK_2014_142_AAP.pdf|../data/gps/gps_keratsini_orsa.jpg",
        "area_sqm": 12859.41,
        "source_file": "ydom_pol_chriseis_gis.shp"
      }
    },
    {
      "type": "Feature",
      "geometry": {
        "type": "Polygon",
        "coordinates": [
          [
            [
              23.618614592,
              37.951626755
            ],
            [
              23.618617312,
              37.951241541
            ],
            [
              23.619225373,
              37.95124493
            ],
            [
              23.619215737,
              37.951624998
            ],
            [
              23.618614592,
              37.951626755
            ]
          ]
        ]
      },
      "properties": {
        "gid": 75,
        "fid": 75,
        "bid": 80,
        "d_e": "ΚΕΡΑΤΣΙΝΙ",
        "onomasia": "ΠΡΑΣΙΝΟ",
        "fek_gps": "ΦΕΚ 142ΑΑΠ/05-05-2014",
        "fek": "../data/FEK/FEK_2014_142_AAP.pdf|../data/gps/gps_keratsini_orsa.jpg",
        "area_sqm": 2255.21,
        "source_file": "ydom_pol_chriseis_gis.shp"
      }
    },
    {
      "type": "Feature",
      "geometry": {
        "type": "Polygon",
        "coordinates": [
          [
            [
              23.611220424,
              37.951518051
            ],
            [
              23.611129309,
              37.951522613
            ],
            [
              23.610884839,
              37.951112944
            ],
            [
              23.611208943,
              37.951116559
            ],
            [
              23.611220424,
              37.951518051
            ]
          ]
        ]
      },
      "properties": {
        "gid": 77,
        "fid": 77,
        "bid": 83,
        "d_e": "ΚΕΡΑΤΣΙΝΙ",
        "onomasia": "ΠΡΑΣΙΝΟ",
        "fek_gps": "ΦΕΚ 142ΑΑΠ/05-05-2014",
        "fek": "../data/FEK/FEK_2014_142_AAP.pdf|../data/gps/gps_keratsini_orsa.jpg",
        "area_sqm": 821.4,
        "source_file": "ydom_pol_chriseis_gis.shp"
      }
    },
    {
      "type": "Feature",
      "geometry": {
        "type": "Polygon",
        "coordinates": [
          [
            [
              23.610095349,
              37.952065804
            ],
            [
              23.60986882,
              37.951113052
            ],
            [
              23.610884839,
              37.951112944
            ],
            [
              23.611129309,
              37.951522613
            ],
            [
              23.611220424,
              37.951518051
            ],
            [
              23.611229997,
              37.951859998
            ],
            [
              23.611236729,
              37.952081619
            ],
            [
              23.610095349,
              37.952065804
            ]
          ]
        ]
      },
      "properties": {
        "gid": 78,
        "fid": 78,
        "bid": 84,
        "d_e": "ΚΕΡΑΤΣΙΝΙ",
        "onomasia": "ΠΟΛΙΤΙΣΜΟΣ",
        "fek_gps": "ΦΕΚ 142ΑΑΠ/05-05-2014",
        "fek": "../data/FEK/FEK_2014_142_AAP.pdf|../data/gps/gps_keratsini_orsa.jpg",
        "area_sqm": 10781.26,
        "source_file": "ydom_pol_chriseis_gis.shp"
      }
    },
    {
      "type": "Feature",
      "geometry": {
        "type": "Polygon",
        "coordinates": [
          [
            [
              23.617459699,
              37.964858592
            ],
            [
              23.618192421,
              37.964920191
            ],
            [
              23.618127821,
              37.965356268
            ],
            [
              23.618055958,
              37.965386122
            ],
            [
              23.617459699,
              37.964858592
            ]
          ]
        ]
      },
      "properties": {
        "gid": 79,
        "fid": 79,
        "bid": 16,
        "d_e": "ΚΕΡΑΤΣΙΝΙ",
        "onomasia": "ΠΡΑΣΙΝΟ",
        "fek_gps": "ΦΕΚ 142ΑΑΠ/05-05-2014",
        "fek": "../data/FEK/FEK_2014_142_AAP.pdf|../data/gps/gps_keratsini_orsa.jpg",
        "area_sqm": 1847.95,
        "source_file": "ydom_pol_chriseis_gis.shp"
      }
    },
    {
      "type": "Feature",
      "geometry": {
        "type": "Polygon",
        "coordinates": [
          [
            [
              23.625759389,
              37.964317494
            ],
            [
              23.624804935,
              37.964444376
            ],
            [
              23.624557339,
              37.963833669
            ],
            [
              23.625415073,
              37.963783841
            ],
            [
              23.625630128,
              37.963773209
            ],
            [
              23.625759389,
              37.964317494
            ]
          ]
        ]
      },
      "properties": {
        "gid": 80,
        "fid": 80,
        "bid": 90,
        "d_e": "ΚΕΡΑΤΣΙΝΙ",
        "onomasia": "ΓΕΝΙΚΗ ΚΑΤΟΙΚΙΑ Α",
        "fek_gps": "ΦΕΚ 142ΑΑΠ/05-05-2014",
        "fek": "../data/FEK/FEK_2014_142_AAP.pdf|../data/gps/gps_keratsini_orsa.jpg",
        "area_sqm": 5884.96,
        "source_file": "ydom_pol_chriseis_gis.shp"
      }
    },
    {
      "type": "Feature",
      "geometry": {
        "type": "Polygon",
        "coordinates": [
          [
            [
              23.626047145,
              37.962618914
            ],
            [
              23.627288963,
              37.962630355
            ],
            [
              23.627260972,
              37.96331932
            ],
            [
              23.626354739,
              37.963328746
            ],
            [
              23.626065199,
              37.96332376
            ],
            [
              23.625973499,
              37.963070093
            ],
            [
              23.626019597,
              37.963066592
            ],
            [
              23.626047145,
              37.962618914
            ]
          ]
        ]
      },
      "properties": {
        "gid": 81,
        "fid": 81,
        "bid": 95,
        "d_e": "ΚΕΡΑΤΣΙΝΙ",
        "onomasia": "ΕΚΠΑΙΔΕΥΣΗ",
        "fek_gps": "ΦΕΚ 142ΑΑΠ/05-05-2014",
        "fek": "../data/FEK/FEK_2014_142_AAP.pdf|../data/gps/gps_keratsini_orsa.jpg",
        "area_sqm": 8506.57,
        "source_file": "ydom_pol_chriseis_gis.shp"
      }
    },
    {
      "type": "Feature",
      "geometry": {
        "type": "Polygon",
        "coordinates": [
          [
            [
              23.625152046,
              37.962968637
            ],
            [
              23.624699803,
              37.961967181
            ],
            [
              23.625309149,
              37.961820812
            ],
            [
              23.625536328,
              37.962273441
            ],
            [
              23.626057819,
              37.962270267
            ],
            [
              23.626069974,
              37.961537039
            ],
            [
              23.626082748,
              37.96083562
            ],
            [
              23.627315163,
              37.960852701
            ],
            [
              23.627288963,
              37.962630355
            ],
            [
              23.626047145,
              37.962618914
            ],
            [
              23.625710264,
              37.962617759
            ],
            [
              23.625794187,
              37.962784831
            ],
            [
              23.625754677,
              37.962796141
            ],
            [
              23.625152046,
              37.962968637
            ]
          ],
          [
            [
              23.625346501,
              37.962446702
            ],
            [
              23.625557306,
              37.962395514
            ],
            [
              23.625420705,
              37.962115406
            ],
            [
              23.625221634,
              37.962159223
            ],
            [
              23.625346501,
              37.962446702
            ]
          ]
        ]
      },
      "properties": {
        "gid": 82,
        "fid": 82,
        "bid": 96,
        "d_e": "ΚΕΡΑΤΣΙΝΙ",
        "onomasia": "ΓΕΝΙΚΗ ΚΑΤΟΙΚΙΑ Α",
        "fek_gps": "ΦΕΚ 142ΑΑΠ/05-05-2014",
        "fek": "../data/FEK/FEK_2014_142_AAP.pdf|../data/gps/gps_keratsini_orsa.jpg",
        "area_sqm": 29013.21,
        "source_file": "ydom_pol_chriseis_gis.shp"
      }
    },
    {
      "type": "Feature",
      "geometry": {
        "type": "Polygon",
        "coordinates": [
          [
            [
              23.625176618,
              37.961539582
            ],
            [
              23.624078036,
              37.959465557
            ],
            [
              23.625769454,
              37.959445019
            ],
            [
              23.625773098,
              37.960109948
            ],
            [
              23.62609591,
              37.960112827
            ],
            [
              23.626082748,
              37.96083562
            ],
            [
              23.626069974,
              37.961537039
            ],
            [
              23.625176618,
              37.961539582
            ]
          ]
        ]
      },
      "properties": {
        "gid": 83,
        "fid": 83,
        "bid": 97,
        "d_e": "ΚΕΡΑΤΣΙΝΙ",
        "onomasia": "ΖΩΝΗ ΚΙΝΗΤΡΩΝ",
        "fek_gps": "ΦΕΚ 142ΑΑΠ/05-05-2014",
        "fek": "../data/FEK/FEK_2014_142_AAP.pdf|../data/gps/gps_keratsini_orsa.jpg",
        "area_sqm": 27622.17,
        "source_file": "ydom_pol_chriseis_gis.shp"
      }
    },
    {
      "type": "Feature",
      "geometry": {
        "type": "Polygon",
        "coordinates": [
          [
            [
              23.622461765,
              37.959400039
            ],
            [
              23.62137972,
              37.959410423
            ],
            [
              23.621376994,
              37.958868381
            ],
            [
              23.621453602,
              37.958215313
            ],
            [
              23.622492798,
              37.958271554
            ],
            [
              23.622475165,
              37.958912781
            ],
            [
              23.62246714,
              37.959204575
            ],
            [
              23.622461765,
              37.959400039
            ]
          ]
        ]
      },
      "properties": {
        "gid": 84,
        "fid": 84,
        "bid": 98,
        "d_e": "ΚΕΡΑΤΣΙΝΙ",
        "onomasia": "ΠΟΛΕΟΔΟΜΙΚΟ ΚΕΝΤΡΟ",
        "fek_gps": "ΦΕΚ 142ΑΑΠ/05-05-2014",
        "fek": "../data/FEK/FEK_2014_142_AAP.pdf|../data/gps/gps_keratsini_orsa.jpg",
        "area_sqm": 12233.33,
        "source_file": "ydom_pol_chriseis_gis.shp"
      }
    },
    {
      "type": "Feature",
      "geometry": {
        "type": "Polygon",
        "coordinates": [
          [
            [
              23.624727059,
              37.961889087
            ],
            [
              23.624650785,
              37.961707334
            ],
            [
              23.625027917,
              37.961610373
            ],
            [
              23.625108852,
              37.961795845
            ],
            [
              23.624727059,
              37.961889087
            ]
          ]
        ]
      },
      "properties": {
        "gid": 85,
        "fid": 85,
        "bid": 100,
        "d_e": "ΚΕΡΑΤΣΙΝΙ",
        "onomasia": "ΕΙΔΙΚΕΣ ΧΡΗΣΕΙΣ",
        "fek_gps": "ΦΕΚ 142ΑΑΠ/05-05-2014",
        "fek": "../data/FEK/FEK_2014_142_AAP.pdf|../data/gps/gps_keratsini_orsa.jpg",
        "area_sqm": 751.95,
        "source_file": "ydom_pol_chriseis_gis.shp"
      }
    },
    {
      "type": "Feature",
      "geometry": {
        "type": "Polygon",
        "coordinates": [
          [
            [
              23.625773098,
              37.960109948
            ],
            [
              23.625769454,
              37.959445019
            ],
            [
              23.626512678,
              37.959446241
            ],
            [
              23.626511344,
              37.95953182
            ],
            [
              23.626503607,
              37.960028115
            ],
            [
              23.626502284,
              37.960112978
            ],
            [
              23.62609591,
              37.960112827
            ],
            [
              23.625773098,
              37.960109948
            ]
          ]
        ]
      },
      "properties": {
        "gid": 86,
        "fid": 86,
        "bid": 101,
        "d_e": "ΚΕΡΑΤΣΙΝΙ",
        "onomasia": "ΠΡΑΣΙΝΟ",
        "fek_gps": "ΦΕΚ 142ΑΑΠ/05-05-2014",
        "fek": "../data/FEK/FEK_2014_142_AAP.pdf|../data/gps/gps_keratsini_orsa.jpg",
        "area_sqm": 4783.36,
        "source_file": "ydom_pol_chriseis_gis.shp"
      }
    },
    {
      "type": "Feature",
      "geometry": {
        "type": "Polygon",
        "coordinates": [
          [
            [
              23.619018491,
              37.96198372
            ],
            [
              23.61901941,
              37.961805918
            ],
            [
              23.619382016,
              37.961805239
            ],
            [
              23.619376401,
              37.961986731
            ],
            [
              23.619018491,
              37.96198372
            ]
          ]
        ]
      },
      "properties": {
        "gid": 87,
        "fid": 87,
        "bid": 102,
        "d_e": "ΚΕΡΑΤΣΙΝΙ",
        "onomasia": "ΕΙΔΙΚΕΣ ΧΡΗΣΕΙΣ",
        "fek_gps": "ΦΕΚ 142ΑΑΠ/05-05-2014",
        "fek": "../data/FEK/FEK_2014_142_AAP.pdf|../data/gps/gps_keratsini_orsa.jpg",
        "area_sqm": 630.83,
        "source_file": "ydom_pol_chriseis_gis.shp"
      }
    },
    {
      "type": "Feature",
      "geometry": {
        "type": "Polygon",
        "coordinates": [
          [
            [
              23.625346501,
              37.962446702
            ],
            [
              23.625221634,
              37.962159223
            ],
            [
              23.625420705,
              37.962115406
            ],
            [
              23.625557306,
              37.962395514
            ],
            [
              23.625346501,
              37.962446702
            ]
          ]
        ]
      },
      "properties": {
        "gid": 88,
        "fid": 88,
        "bid": 103,
        "d_e": "ΚΕΡΑΤΣΙΝΙ",
        "onomasia": "ΔΙΟΙΚΗΣΗ",
        "fek_gps": "ΦΕΚ 142ΑΑΠ/05-05-2014",
        "fek": "../data/FEK/FEK_2014_142_AAP.pdf|../data/gps/gps_keratsini_orsa.jpg",
        "area_sqm": 627.39,
        "source_file": "ydom_pol_chriseis_gis.shp"
      }
    },
    {
      "type": "Feature",
      "geometry": {
        "type": "Polygon",
        "coordinates": [
          [
            [
              23.622340961,
              37.95274499
            ],
            [
              23.622345321,
              37.952572611
            ],
            [
              23.622212024,
              37.952566626
            ],
            [
              23.62222022,
              37.952348749
            ],
            [
              23.622672705,
              37.952350852
            ],
            [
              23.62288111,
              37.95235182
            ],
            [
              23.622880881,
              37.952751496
            ],
            [
              23.622657885,
              37.952752583
            ],
            [
              23.622340961,
              37.95274499
            ]
          ]
        ]
      },
      "properties": {
        "gid": 89,
        "fid": 89,
        "bid": 104,
        "d_e": "ΚΕΡΑΤΣΙΝΙ",
        "onomasia": "ΕΚΠΑΙΔΕΥΣΗ",
        "fek_gps": "ΦΕΚ 142ΑΑΠ/05-05-2014",
        "fek": "../data/FEK/FEK_2014_142_AAP.pdf|../data/gps/gps_keratsini_orsa.jpg",
        "area_sqm": 2368.16,
        "source_file": "ydom_pol_chriseis_gis.shp"
      }
    },
    {
      "type": "Feature",
      "geometry": {
        "type": "Polygon",
        "coordinates": [
          [
            [
              23.61543109,
              37.951175471
            ],
            [
              23.615436132,
              37.950802273
            ],
            [
              23.615896912,
              37.950803778
            ],
            [
              23.615897692,
              37.951177906
            ],
            [
              23.61543109,
              37.951175471
            ]
          ]
        ]
      },
      "properties": {
        "gid": 90,
        "fid": 90,
        "bid": 106,
        "d_e": "ΚΕΡΑΤΣΙΝΙ",
        "onomasia": "ΕΚΠΑΙΔΕΥΣΗ",
        "fek_gps": "ΦΕΚ 142ΑΑΠ/05-05-2014",
        "fek": "../data/FEK/FEK_2014_142_AAP.pdf|../data/gps/gps_keratsini_orsa.jpg",
        "area_sqm": 1689.03,
        "source_file": "ydom_pol_chriseis_gis.shp"
      }
    },
    {
      "type": "Feature",
      "geometry": {
        "type": "Polygon",
        "coordinates": [
          [
            [
              23.614039727,
              37.951697841
            ],
            [
              23.6140452,
              37.951545984
            ],
            [
              23.614459214,
              37.951545489
            ],
            [
              23.614456062,
              37.951701059
            ],
            [
              23.614039727,
              37.951697841
            ]
          ]
        ]
      },
      "properties": {
        "gid": 91,
        "fid": 91,
        "bid": 107,
        "d_e": "ΚΕΡΑΤΣΙΝΙ",
        "onomasia": "ΕΚΠΑΙΔΕΥΣΗ",
        "fek_gps": "ΦΕΚ 142ΑΑΠ/05-05-2014",
        "fek": "../data/FEK/FEK_2014_142_AAP.pdf|../data/gps/gps_keratsini_orsa.jpg",
        "area_sqm": 622.15,
        "source_file": "ydom_pol_chriseis_gis.shp"
      }
    },
    {
      "type": "Feature",
      "geometry": {
        "type": "Polygon",
        "coordinates": [
          [
            [
              23.615426353,
              37.95152598
            ],
            [
              23.61543109,
              37.951175471
            ],
            [
              23.615897692,
              37.951177906
            ],
            [
              23.61589657,
              37.951604366
            ],
            [
              23.615629343,
              37.951600835
            ],
            [
              23.615629976,
              37.951528353
            ],
            [
              23.615426353,
              37.95152598
            ]
          ]
        ]
      },
      "properties": {
        "gid": 92,
        "fid": 92,
        "bid": 108,
        "d_e": "ΚΕΡΑΤΣΙΝΙ",
        "onomasia": "ΠΡΑΣΙΝΟ",
        "fek_gps": "ΦΕΚ 142ΑΑΠ/05-05-2014",
        "fek": "../data/FEK/FEK_2014_142_AAP.pdf|../data/gps/gps_keratsini_orsa.jpg",
        "area_sqm": 1797.06,
        "source_file": "ydom_pol_chriseis_gis.shp"
      }
    },
    {
      "type": "Feature",
      "geometry": {
        "type": "Polygon",
        "coordinates": [
          [
            [
              23.615420908,
              37.95192894
            ],
            [
              23.615426353,
              37.95152598
            ],
            [
              23.615629976,
              37.951528353
            ],
            [
              23.615629343,
              37.951600835
            ],
            [
              23.61589657,
              37.951604366
            ],
            [
              23.615895698,
              37.951935433
            ],
            [
              23.615420908,
              37.95192894
            ]
          ]
        ]
      },
      "properties": {
        "gid": 93,
        "fid": 93,
        "bid": 109,
        "d_e": "ΚΕΡΑΤΣΙΝΙ",
        "onomasia": "ΑΘΛΗΤΙΣΜΟΣ",
        "fek_gps": "ΦΕΚ 142ΑΑΠ/05-05-2014",
        "fek": "../data/FEK/FEK_2014_142_AAP.pdf|../data/gps/gps_keratsini_orsa.jpg",
        "area_sqm": 1669.69,
        "source_file": "ydom_pol_chriseis_gis.shp"
      }
    },
    {
      "type": "Feature",
      "geometry": {
        "type": "Polygon",
        "coordinates": [
          [
            [
              23.612924129,
              37.952564683
            ],
            [
              23.612939459,
              37.951872033
            ],
            [
              23.613166335,
              37.951873567
            ],
            [
              23.613148674,
              37.952566208
            ],
            [
              23.612924129,
              37.952564683
            ]
          ]
        ]
      },
      "properties": {
        "gid": 94,
        "fid": 94,
        "bid": 110,
        "d_e": "ΚΕΡΑΤΣΙΝΙ",
        "onomasia": "ΠΡΑΣΙΝΟ",
        "fek_gps": "ΦΕΚ 142ΑΑΠ/05-05-2014",
        "fek": "../data/FEK/FEK_2014_142_AAP.pdf|../data/gps/gps_keratsini_orsa.jpg",
        "area_sqm": 1524.21,
        "source_file": "ydom_pol_chriseis_gis.shp"
      }
    },
    {
      "type": "Feature",
      "geometry": {
        "type": "Polygon",
        "coordinates": [
          [
            [
              23.615461501,
              37.956031875
            ],
            [
              23.614777389,
              37.955340641
            ],
            [
              23.615376055,
              37.955347104
            ],
            [
              23.61584007,
              37.955354408
            ],
            [
              23.615826428,
              37.956029363
            ],
            [
              23.615461501,
              37.956031875
            ]
          ],
          [
            [
              23.615477483,
              37.955837474
            ],
            [
              23.615787566,
              37.955719573
            ],
            [
              23.61572452,
              37.955591445
            ],
            [
              23.615394014,
              37.955698469
            ],
            [
              23.615477483,
              37.955837474
            ]
          ]
        ]
      },
      "properties": {
        "gid": 95,
        "fid": 95,
        "bid": 112,
        "d_e": "ΚΕΡΑΤΣΙΝΙ",
        "onomasia": "ΠΡΑΣΙΝΟ",
        "fek_gps": "ΦΕΚ 142ΑΑΠ/05-05-2014",
        "fek": "../data/FEK/FEK_2014_142_AAP.pdf|../data/gps/gps_keratsini_orsa.jpg",
        "area_sqm": 4243.82,
        "source_file": "ydom_pol_chriseis_gis.shp"
      }
    },
    {
      "type": "Feature",
      "geometry": {
        "type": "Polygon",
        "coordinates": [
          [
            [
              23.615376055,
              37.955347104
            ],
            [
              23.615421704,
              37.95379436
            ],
            [
              23.615863829,
              37.953788395
            ],
            [
              23.617896547,
              37.953783902
            ],
            [
              23.617867225,
              37.955380351
            ],
            [
              23.620037445,
              37.95539659
            ],
            [
              23.620029332,
              37.956063334
            ],
            [
              23.618717542,
              37.956053585
            ],
            [
              23.618179537,
              37.95605184
            ],
            [
              23.617861403,
              37.95605273
            ],
            [
              23.617867137,
              37.955622981
            ],
            [
              23.617867142,
              37.955396372
            ],
            [
              23.61584007,
              37.955354408
            ],
            [
              23.615376055,
              37.955347104
            ]
          ]
        ]
      },
      "properties": {
        "gid": 96,
        "fid": 96,
        "bid": 113,
        "d_e": "ΚΕΡΑΤΣΙΝΙ",
        "onomasia": "ΖΩΝΗ ΚΙΝΗΤΡΩΝ",
        "fek_gps": "ΦΕΚ 142ΑΑΠ/05-05-2014",
        "fek": "../data/FEK/FEK_2014_142_AAP.pdf|../data/gps/gps_keratsini_orsa.jpg",
        "area_sqm": 52446.45,
        "source_file": "ydom_pol_chriseis_gis.shp"
      }
    },
    {
      "type": "Feature",
      "geometry": {
        "type": "Polygon",
        "coordinates": [
          [
            [
              23.630408756,
              37.970678971
            ],
            [
              23.630029911,
              37.970748727
            ],
            [
              23.62970435,
              37.970732185
            ],
            [
              23.628751829,
              37.9704538
            ],
            [
              23.628784009,
              37.969999951
            ],
            [
              23.630395217,
              37.970003242
            ],
            [
              23.630408756,
              37.970678971
            ]
          ]
        ]
      },
      "properties": {
        "gid": 97,
        "fid": 97,
        "bid": 116,
        "d_e": "ΚΕΡΑΤΣΙΝΙ",
        "onomasia": "ΕΙΔΙΚΕΣ ΧΡΗΣΕΙΣ",
        "fek_gps": "ΦΕΚ 142ΑΑΠ/05-05-2014",
        "fek": "../data/FEK/FEK_2014_142_AAP.pdf|../data/gps/gps_keratsini_orsa.jpg",
        "area_sqm": 10348.24,
        "source_file": "ydom_pol_chriseis_gis.shp"
      }
    },
    {
      "type": "Feature",
      "geometry": {
        "type": "Polygon",
        "coordinates": [
          [
            [
              23.630060683,
              37.965877485
            ],
            [
              23.629850624,
              37.965956475
            ],
            [
              23.629441272,
              37.96589887
            ],
            [
              23.629035999,
              37.965829126
            ],
            [
              23.629051755,
              37.965518314
            ],
            [
              23.629081329,
              37.965496268
            ],
            [
              23.629267093,
              37.965366702
            ],
            [
              23.629466187,
              37.965464654
            ],
            [
              23.629807355,
              37.965588685
            ],
            [
              23.630060683,
              37.965877485
            ]
          ]
        ]
      },
      "properties": {
        "gid": 98,
        "fid": 98,
        "bid": 118,
        "d_e": "ΚΕΡΑΤΣΙΝΙ",
        "onomasia": "ΕΙΔΙΚΕΣ ΧΡΗΣΕΙΣ",
        "fek_gps": "ΦΕΚ 142ΑΑΠ/05-05-2014",
        "fek": "../data/FEK/FEK_2014_142_AAP.pdf|../data/gps/gps_keratsini_orsa.jpg",
        "area_sqm": 3592.37,
        "source_file": "ydom_pol_chriseis_gis.shp"
      }
    },
    {
      "type": "Feature",
      "geometry": {
        "type": "Polygon",
        "coordinates": [
          [
            [
              23.62804262,
              37.968141464
            ],
            [
              23.627636503,
              37.96783898
            ],
            [
              23.627269653,
              37.967295658
            ],
            [
              23.627663523,
              37.966793471
            ],
            [
              23.628005825,
              37.966816068
            ],
            [
              23.628603614,
              37.967910883
            ],
            [
              23.62804262,
              37.968141464
            ]
          ]
        ]
      },
      "properties": {
        "gid": 99,
        "fid": 99,
        "bid": 119,
        "d_e": "ΚΕΡΑΤΣΙΝΙ",
        "onomasia": "ΕΚΠΑΙΔΕΥΣΗ",
        "fek_gps": "ΦΕΚ 142ΑΑΠ/05-05-2014",
        "fek": "../data/FEK/FEK_2014_142_AAP.pdf|../data/gps/gps_keratsini_orsa.jpg",
        "area_sqm": 9920.7,
        "source_file": "ydom_pol_chriseis_gis.shp"
      }
    },
    {
      "type": "Feature",
      "geometry": {
        "type": "Polygon",
        "coordinates": [
          [
            [
              23.614869681,
              37.953792554
            ],
            [
              23.61489003,
              37.952559094
            ],
            [
              23.615870184,
              37.952567855
            ],
            [
              23.615864927,
              37.952796657
            ],
            [
              23.616316508,
              37.952598621
            ],
            [
              23.616312866,
              37.952560377
            ],
            [
              23.615870449,
              37.952554232
            ],
            [
              23.615876579,
              37.952238195
            ],
            [
              23.61720958,
              37.952244026
            ],
            [
              23.617908421,
              37.951942912
            ],
            [
              23.61790048,
              37.953024537
            ],
            [
              23.619217359,
              37.953030658
            ],
            [
              23.619214969,
              37.953493685
            ],
            [
              23.615870272,
              37.953449475
            ],
            [
              23.615863829,
              37.953788395
            ],
            [
              23.615421704,
              37.95379436
            ],
            [
              23.614869681,
              37.953792554
            ]
          ]
        ]
      },
      "properties": {
        "gid": 100,
        "fid": 100,
        "bid": 121,
        "d_e": "ΚΕΡΑΤΣΙΝΙ",
        "onomasia": "ΓΕΝΙΚΗ ΚΑΤΟΙΚΙΑ Α",
        "fek_gps": "ΦΕΚ 142ΑΑΠ/05-05-2014",
        "fek": "../data/FEK/FEK_2014_142_AAP.pdf|../data/gps/gps_keratsini_orsa.jpg",
        "area_sqm": 42305.17,
        "source_file": "ydom_pol_chriseis_gis.shp"
      }
    },
    {
      "type": "Feature",
      "geometry": {
        "type": "Polygon",
        "coordinates": [
          [
            [
              23.615864927,
              37.952796657
            ],
            [
              23.615870184,
              37.952567855
            ],
            [
              23.615870449,
              37.952554232
            ],
            [
              23.616312866,
              37.952560377
            ],
            [
              23.616316508,
              37.952598621
            ],
            [
              23.615864927,
              37.952796657
            ]
          ]
        ]
      },
      "properties": {
        "gid": 101,
        "fid": 101,
        "bid": 122,
        "d_e": "ΚΕΡΑΤΣΙΝΙ",
        "onomasia": "ΠΡΑΣΙΝΟ",
        "fek_gps": "ΦΕΚ 142ΑΑΠ/05-05-2014",
        "fek": "../data/FEK/FEK_2014_142_AAP.pdf|../data/gps/gps_keratsini_orsa.jpg",
        "area_sqm": 610.54,
        "source_file": "ydom_pol_chriseis_gis.shp"
      }
    },
    {
      "type": "Feature",
      "geometry": {
        "type": "Polygon",
        "coordinates": [
          [
            [
              23.615477483,
              37.955837474
            ],
            [
              23.615394014,
              37.955698469
            ],
            [
              23.61572452,
              37.955591445
            ],
            [
              23.615787566,
              37.955719573
            ],
            [
              23.615477483,
              37.955837474
            ]
          ]
        ]
      },
      "properties": {
        "gid": 102,
        "fid": 102,
        "bid": 123,
        "d_e": "ΚΕΡΑΤΣΙΝΙ",
        "onomasia": "ΑΘΛΗΤΙΣΜΟΣ",
        "fek_gps": "ΦΕΚ 142ΑΑΠ/05-05-2014",
        "fek": "../data/FEK/FEK_2014_142_AAP.pdf|../data/gps/gps_keratsini_orsa.jpg",
        "area_sqm": 497.31,
        "source_file": "ydom_pol_chriseis_gis.shp"
      }
    },
    {
      "type": "Feature",
      "geometry": {
        "type": "Polygon",
        "coordinates": [
          [
            [
              23.622085755,
              37.963278837
            ],
            [
              23.620157139,
              37.963277116
            ],
            [
              23.620199325,
              37.962881181
            ],
            [
              23.618587784,
              37.96283119
            ],
            [
              23.618634229,
              37.963351114
            ],
            [
              23.616287487,
              37.963015143
            ],
            [
              23.616156195,
              37.962947458
            ],
            [
              23.615721599,
              37.962723411
            ],
            [
              23.615667826,
              37.962466963
            ],
            [
              23.615196107,
              37.962482936
            ],
            [
              23.614684252,
              37.962256307
            ],
            [
              23.61467797,
              37.962113539
            ],
            [
              23.61442449,
              37.962134514
            ],
            [
              23.614238756,
              37.962052566
            ],
            [
              23.613986333,
              37.961926804
            ],
            [
              23.614185429,
              37.961345684
            ],
            [
              23.614020179,
              37.961363062
            ],
            [
              23.613891753,
              37.961495807
            ],
            [
              23.613846136,
              37.961666588
            ],
            [
              23.613909133,
              37.961876549
            ],
            [
              23.61374406,
              37.961788668
            ],
            [
              23.613677571,
              37.9620202
            ],
            [
              23.613555616,
              37.962043975
            ],
            [
              23.612452577,
              37.962259308
            ],
            [
              23.612415672,
              37.9619152
            ],
            [
              23.612505658,
              37.961491933
            ],
            [
              23.612895234,
              37.96100941
            ],
            [
              23.613236986,
              37.960774545
            ],
            [
              23.613808663,
              37.960474958
            ],
            [
              23.614413504,
              37.960424471
            ],
            [
              23.614480981,
              37.960222628
            ],
            [
              23.615175987,
              37.960110054
            ],
            [
              23.615749401,
              37.960115999
            ],
            [
              23.617321832,
              37.960301756
            ],
            [
              23.619637299,
              37.960589886
            ],
            [
              23.619691474,
              37.960664189
            ],
            [
              23.621363438,
              37.96065109
            ],
            [
              23.621362943,
              37.960814042
            ],
            [
              23.621489988,
              37.960826
            ],
            [
              23.622019281,
              37.960143385
            ],
            [
              23.622426329,
              37.960143682
            ],
            [
              23.622346641,
              37.96260996
            ],
            [
              23.622337361,
              37.962854986
            ],
            [
              23.622335046,
              37.962916126
            ],
            [
              23.622085755,
              37.963278837
            ]
          ],
          [
            [
              23.615259902,
              37.961346671
            ],
            [
              23.614776446,
              37.961363371
            ],
            [
              23.614839278,
              37.96208229
            ],
            [
              23.615988834,
              37.962039406
            ],
            [
              23.615907691,
              37.96183666
            ],
            [
              23.615422518,
              37.961834066
            ],
            [
              23.615357458,
              37.961575261
            ],
            [
              23.615287176,
              37.961575846
            ],
            [
              23.615259902,
              37.961346671
            ]
          ],
          [
            [
              23.61848923,
              37.962263116
            ],
            [
              23.619593322,
              37.962199866
            ],
            [
              23.620035139,
              37.962174552
            ],
            [
              23.620101346,
              37.962846573
            ],
            [
              23.620216908,
              37.962847857
            ],
            [
              23.620253722,
              37.962162028
            ],
            [
              23.620261807,
              37.961599319
            ],
            [
              23.619560098,
              37.961609678
            ],
            [
              23.618981584,
              37.961618214
            ],
            [
              23.618435455,
              37.96162627
            ],
            [
              23.618458839,
              37.961903199
            ],
            [
              23.61848923,
              37.962263116
            ]
          ],
          [
            [
              23.620911591,
              37.962816429
            ],
            [
              23.621347743,
              37.962831699
            ],
            [
              23.621369663,
              37.96259354
            ],
            [
              23.620965522,
              37.962545601
            ],
            [
              23.620911591,
              37.962816429
            ]
          ]
        ]
      },
      "properties": {
        "gid": 103,
        "fid": 103,
        "bid": 124,
        "d_e": "ΚΕΡΑΤΣΙΝΙ",
        "onomasia": "ΓΕΝΙΚΗ ΚΑΤΟΙΚΙΑ Β",
        "fek_gps": "ΦΕΚ 142ΑΑΠ/05-05-2014",
        "fek": "../data/FEK/FEK_2014_142_AAP.pdf|../data/gps/gps_keratsini_orsa.jpg",
        "area_sqm": 207495.1,
        "source_file": "ydom_pol_chriseis_gis.shp"
      }
    },
    {
      "type": "Feature",
      "geometry": {
        "type": "Polygon",
        "coordinates": [
          [
            [
              23.622730018,
              37.959453806
            ],
            [
              23.622951153,
              37.959455734
            ],
            [
              23.624078036,
              37.959465557
            ],
            [
              23.625176618,
              37.961539582
            ],
            [
              23.626069974,
              37.961537039
            ],
            [
              23.626057819,
              37.962270267
            ],
            [
              23.625536328,
              37.962273441
            ],
            [
              23.625309149,
              37.961820812
            ],
            [
              23.624699803,
              37.961967181
            ],
            [
              23.624179598,
              37.962121485
            ],
            [
              23.624064568,
              37.961876938
            ],
            [
              23.623265488,
              37.962082733
            ],
            [
              23.62335512,
              37.962666283
            ],
            [
              23.623688881,
              37.963869161
            ],
            [
              23.623648796,
              37.963976609
            ],
            [
              23.622045973,
              37.963776143
            ],
            [
              23.622247977,
              37.963472399
            ],
            [
              23.622475582,
              37.96356755
            ],
            [
              23.622531253,
              37.963566214
            ],
            [
              23.622707074,
              37.963565962
            ],
            [
              23.622731741,
              37.963522514
            ],
            [
              23.622777662,
              37.963536876
            ],
            [
              23.622818494,
              37.963439813
            ],
            [
              23.622689848,
              37.963418057
            ],
            [
              23.622707331,
              37.963352498
            ],
            [
              23.622715274,
              37.963233248
            ],
            [
              23.622476207,
              37.963129214
            ],
            [
              23.622681533,
              37.962820467
            ],
            [
              23.622631837,
              37.962796171
            ],
            [
              23.622730018,
              37.959453806
            ]
          ],
          [
            [
              23.624727059,
              37.961889087
            ],
            [
              23.625108852,
              37.961795845
            ],
            [
              23.625027917,
              37.961610373
            ],
            [
              23.624650785,
              37.961707334
            ],
            [
              23.624727059,
              37.961889087
            ]
          ],
          [
            [
              23.62318925,
              37.962890535
            ],
            [
              23.623399296,
              37.962911035
            ],
            [
              23.623343883,
              37.962674652
            ],
            [
              23.623311244,
              37.962669375
            ],
            [
              23.62318925,
              37.962890535
            ]
          ]
        ]
      },
      "properties": {
        "gid": 104,
        "fid": 104,
        "bid": 125,
        "d_e": "ΚΕΡΑΤΣΙΝΙ",
        "onomasia": "ΓΕΝΙΚΗ ΚΑΤΟΙΚΙΑ Β",
        "fek_gps": "ΦΕΚ 142ΑΑΠ/05-05-2014",
        "fek": "../data/FEK/FEK_2014_142_AAP.pdf|../data/gps/gps_keratsini_orsa.jpg",
        "area_sqm": 70662.62,
        "source_file": "ydom_pol_chriseis_gis.shp"
      }
    },
    {
      "type": "Feature",
      "geometry": {
        "type": "Polygon",
        "coordinates": [
          [
            [
              23.615937487,
              37.959954207
            ],
            [
              23.615957965,
              37.959680941
            ],
            [
              23.615970256,
              37.959459206
            ],
            [
              23.62137972,
              37.959410423
            ],
            [
              23.622461765,
              37.959400039
            ],
            [
              23.622457221,
              37.95952512
            ],
            [
              23.622188959,
              37.959791939
            ],
            [
              23.621877668,
              37.960144076
            ],
            [
              23.621372493,
              37.96014065
            ],
            [
              23.621373557,
              37.960376678
            ],
            [
              23.62104757,
              37.960487336
            ],
            [
              23.620732308,
              37.960520347
            ],
            [
              23.620297723,
              37.960491224
            ],
            [
              23.61924674,
              37.960199552
            ],
            [
              23.619200242,
              37.960390384
            ],
            [
              23.618132421,
              37.960275216
            ],
            [
              23.61829307,
              37.959793777
            ],
            [
              23.617401113,
              37.959776466
            ],
            [
              23.617109762,
              37.959789932
            ],
            [
              23.616118429,
              37.959628151
            ],
            [
              23.6160997,
              37.959728986
            ],
            [
              23.617673138,
              37.959979143
            ],
            [
              23.617608262,
              37.960202346
            ],
            [
              23.615937487,
              37.959954207
            ]
          ]
        ]
      },
      "properties": {
        "gid": 105,
        "fid": 105,
        "bid": 126,
        "d_e": "ΚΕΡΑΤΣΙΝΙ",
        "onomasia": "ΓΕΝΙΚΗ ΚΑΤΟΙΚΙΑ Β",
        "fek_gps": "ΦΕΚ 142ΑΑΠ/05-05-2014",
        "fek": "../data/FEK/FEK_2014_142_AAP.pdf|../data/gps/gps_keratsini_orsa.jpg",
        "area_sqm": 46205.11,
        "source_file": "ydom_pol_chriseis_gis.shp"
      }
    },
    {
      "type": "Feature",
      "geometry": {
        "type": "Polygon",
        "coordinates": [
          [
            [
              23.615957965,
              37.959680941
            ],
            [
              23.615131563,
              37.959535707
            ],
            [
              23.6150914,
              37.959388037
            ],
            [
              23.615924654,
              37.959160065
            ],
            [
              23.616025336,
              37.958616273
            ],
            [
              23.617232515,
              37.958840017
            ],
            [
              23.617202428,
              37.958937212
            ],
            [
              23.615975864,
              37.95915843
            ],
            [
              23.615970256,
              37.959459206
            ],
            [
              23.615957965,
              37.959680941
            ]
          ]
        ]
      },
      "properties": {
        "gid": 106,
        "fid": 106,
        "bid": 128,
        "d_e": "ΚΕΡΑΤΣΙΝΙ",
        "onomasia": "ΠΡΑΣΙΝΟ",
        "fek_gps": "ΦΕΚ 142ΑΑΠ/05-05-2014",
        "fek": "../data/FEK/FEK_2014_142_AAP.pdf|../data/gps/gps_keratsini_orsa.jpg",
        "area_sqm": 6787.77,
        "source_file": "ydom_pol_chriseis_gis.shp"
      }
    },
    {
      "type": "Feature",
      "geometry": {
        "type": "Polygon",
        "coordinates": [
          [
            [
              23.625834953,
              37.953670553
            ],
            [
              23.626270047,
              37.953672026
            ],
            [
              23.626428156,
              37.956843066
            ],
            [
              23.626447042,
              37.957221814
            ],
            [
              23.625776722,
              37.957219927
            ],
            [
              23.625777251,
              37.957187655
            ],
            [
              23.625777251,
              37.957187655
            ],
            [
              23.625834953,
              37.953670553
            ]
          ]
        ]
      },
      "properties": {
        "gid": 107,
        "fid": 107,
        "bid": 132,
        "d_e": "ΚΕΡΑΤΣΙΝΙ",
        "onomasia": "ΖΩΝΗ ΚΙΝΗΤΡΩΝ",
        "fek_gps": "ΦΕΚ 142ΑΑΠ/05-05-2014",
        "fek": "../data/FEK/FEK_2014_142_AAP.pdf|../data/gps/gps_keratsini_orsa.jpg",
        "area_sqm": 19122.26,
        "source_file": "ydom_pol_chriseis_gis.shp"
      }
    },
    {
      "type": "Feature",
      "geometry": {
        "type": "Polygon",
        "coordinates": [
          [
            [
              23.622672705,
              37.952350852
            ],
            [
              23.622711807,
              37.951282124
            ],
            [
              23.6228138,
              37.951284251
            ],
            [
              23.622915928,
              37.951285834
            ],
            [
              23.62288111,
              37.95235182
            ],
            [
              23.622672705,
              37.952350852
            ]
          ]
        ]
      },
      "properties": {
        "gid": 108,
        "fid": 108,
        "bid": 133,
        "d_e": "ΚΕΡΑΤΣΙΝΙ",
        "onomasia": "ΠΡΑΣΙΝΟ",
        "fek_gps": "ΦΕΚ 142ΑΑΠ/05-05-2014",
        "fek": "../data/FEK/FEK_2014_142_AAP.pdf|../data/gps/gps_keratsini_orsa.jpg",
        "area_sqm": 2146.65,
        "source_file": "ydom_pol_chriseis_gis.shp"
      }
    },
    {
      "type": "Feature",
      "geometry": {
        "type": "Polygon",
        "coordinates": [
          [
            [
              23.622865563,
              37.953087841
            ],
            [
              23.622880881,
              37.952751496
            ],
            [
              23.62288111,
              37.95235182
            ],
            [
              23.622915928,
              37.951285834
            ],
            [
              23.625018949,
              37.951306939
            ],
            [
              23.624986734,
              37.952425742
            ],
            [
              23.624293045,
              37.952417237
            ],
            [
              23.624294388,
              37.952745542
            ],
            [
              23.623729015,
              37.952747508
            ],
            [
              23.623736788,
              37.953092184
            ],
            [
              23.622865563,
              37.953087841
            ]
          ]
        ]
      },
      "properties": {
        "gid": 109,
        "fid": 109,
        "bid": 134,
        "d_e": "ΚΕΡΑΤΣΙΝΙ",
        "onomasia": "ΓΕΝΙΚΗ ΚΑΤΟΙΚΙΑ Β",
        "fek_gps": "ΦΕΚ 142ΑΑΠ/05-05-2014",
        "fek": "../data/FEK/FEK_2014_142_AAP.pdf|../data/gps/gps_keratsini_orsa.jpg",
        "area_sqm": 30449.14,
        "source_file": "ydom_pol_chriseis_gis.shp"
      }
    },
    {
      "type": "Feature",
      "geometry": {
        "type": "Polygon",
        "coordinates": [
          [
            [
              23.620029332,
              37.956063334
            ],
            [
              23.620037445,
              37.95539659
            ],
            [
              23.620052507,
              37.955013897
            ],
            [
              23.620104777,
              37.95470151
            ],
            [
              23.621591101,
              37.954720656
            ],
            [
              23.622058081,
              37.954726289
            ],
            [
              23.62259005,
              37.954733032
            ],
            [
              23.62257717,
              37.955085289
            ],
            [
              23.621959209,
              37.955078595
            ],
            [
              23.621908994,
              37.956532741
            ],
            [
              23.621718005,
              37.956486486
            ],
            [
              23.620029332,
              37.956063334
            ]
          ],
          [
            [
              23.62057386,
              37.955403018
            ],
            [
              23.621055021,
              37.955408633
            ],
            [
              23.621072204,
              37.955061213
            ],
            [
              23.620583315,
              37.95506167
            ],
            [
              23.62057386,
              37.955403018
            ]
          ]
        ]
      },
      "properties": {
        "gid": 110,
        "fid": 110,
        "bid": 135,
        "d_e": "ΚΕΡΑΤΣΙΝΙ",
        "onomasia": "ΓΕΝΙΚΗ ΚΑΤΟΙΚΙΑ Α",
        "fek_gps": "ΦΕΚ 142ΑΑΠ/05-05-2014",
        "fek": "../data/FEK/FEK_2014_142_AAP.pdf|../data/gps/gps_keratsini_orsa.jpg",
        "area_sqm": 29874.79,
        "source_file": "ydom_pol_chriseis_gis.shp"
      }
    },
    {
      "type": "Feature",
      "geometry": {
        "type": "Polygon",
        "coordinates": [
          [
            [
              23.617865946,
              37.95716515
            ],
            [
              23.617911141,
              37.956786936
            ],
            [
              23.618018089,
              37.956787283
            ],
            [
              23.618648573,
              37.957196517
            ],
            [
              23.618605124,
              37.957237816
            ],
            [
              23.617865946,
              37.95716515
            ]
          ]
        ]
      },
      "properties": {
        "gid": 111,
        "fid": 111,
        "bid": 138,
        "d_e": "ΚΕΡΑΤΣΙΝΙ",
        "onomasia": "ΠΡΑΣΙΝΟ",
        "fek_gps": "ΦΕΚ 142ΑΑΠ/05-05-2014",
        "fek": "../data/FEK/FEK_2014_142_AAP.pdf|../data/gps/gps_keratsini_orsa.jpg",
        "area_sqm": 1825.91,
        "source_file": "ydom_pol_chriseis_gis.shp"
      }
    },
    {
      "type": "Feature",
      "geometry": {
        "type": "Polygon",
        "coordinates": [
          [
            [
              23.622247977,
              37.963472399
            ],
            [
              23.622476207,
              37.963129214
            ],
            [
              23.622715274,
              37.963233248
            ],
            [
              23.622707331,
              37.963352498
            ],
            [
              23.622689848,
              37.963418057
            ],
            [
              23.622818494,
              37.963439813
            ],
            [
              23.622777662,
              37.963536876
            ],
            [
              23.622731741,
              37.963522514
            ],
            [
              23.622707074,
              37.963565962
            ],
            [
              23.622531253,
              37.963566214
            ],
            [
              23.622475582,
              37.96356755
            ],
            [
              23.622247977,
              37.963472399
            ]
          ]
        ]
      },
      "properties": {
        "gid": 112,
        "fid": 112,
        "bid": 139,
        "d_e": "ΚΕΡΑΤΣΙΝΙ",
        "onomasia": "ΕΚΠΑΙΔΕΥΣΗ",
        "fek_gps": "ΦΕΚ 142ΑΑΠ/05-05-2014",
        "fek": "../data/FEK/FEK_2014_142_AAP.pdf|../data/gps/gps_keratsini_orsa.jpg",
        "area_sqm": 1452.5,
        "source_file": "ydom_pol_chriseis_gis.shp"
      }
    },
    {
      "type": "Feature",
      "geometry": {
        "type": "Polygon",
        "coordinates": [
          [
            [
              23.624154859,
              37.965675561
            ],
            [
              23.624097002,
              37.965417731
            ],
            [
              23.624520579,
              37.96536323
            ],
            [
              23.624555652,
              37.965626393
            ],
            [
              23.624154859,
              37.965675561
            ]
          ]
        ]
      },
      "properties": {
        "gid": 113,
        "fid": 113,
        "bid": 140,
        "d_e": "ΚΕΡΑΤΣΙΝΙ",
        "onomasia": "ΕΙΔΙΚΕΣ ΧΡΗΣΕΙΣ",
        "fek_gps": "ΦΕΚ 142ΑΑΠ/05-05-2014",
        "fek": "../data/FEK/FEK_2014_142_AAP.pdf|../data/gps/gps_keratsini_orsa.jpg",
        "area_sqm": 1069.95,
        "source_file": "ydom_pol_chriseis_gis.shp"
      }
    },
    {
      "type": "Feature",
      "geometry": {
        "type": "Polygon",
        "coordinates": [
          [
            [
              23.62316066,
              37.969173118
            ],
            [
              23.623697281,
              37.969270327
            ],
            [
              23.623113328,
              37.969527905
            ],
            [
              23.62306798,
              37.969507946
            ],
            [
              23.62316066,
              37.969173118
            ]
          ]
        ]
      },
      "properties": {
        "gid": 114,
        "fid": 114,
        "bid": 141,
        "d_e": "ΚΕΡΑΤΣΙΝΙ",
        "onomasia": "ΠΡΑΣΙΝΟ",
        "fek_gps": "ΦΕΚ 142ΑΑΠ/05-05-2014",
        "fek": "../data/FEK/FEK_2014_142_AAP.pdf|../data/gps/gps_keratsini_orsa.jpg",
        "area_sqm": 1033.14,
        "source_file": "ydom_pol_chriseis_gis.shp"
      }
    },
    {
      "type": "Feature",
      "geometry": {
        "type": "Polygon",
        "coordinates": [
          [
            [
              23.628225276,
              37.972645826
            ],
            [
              23.62812304,
              37.972383353
            ],
            [
              23.628670646,
              37.972339139
            ],
            [
              23.628721682,
              37.972599648
            ],
            [
              23.628225276,
              37.972645826
            ]
          ]
        ]
      },
      "properties": {
        "gid": 115,
        "fid": 115,
        "bid": 142,
        "d_e": "ΚΕΡΑΤΣΙΝΙ",
        "onomasia": "ΕΚΠΑΙΔΕΥΣΗ",
        "fek_gps": "ΦΕΚ 142ΑΑΠ/05-05-2014",
        "fek": "../data/FEK/FEK_2014_142_AAP.pdf|../data/gps/gps_keratsini_orsa.jpg",
        "area_sqm": 1363.98,
        "source_file": "ydom_pol_chriseis_gis.shp"
      }
    },
    {
      "type": "Feature",
      "geometry": {
        "type": "Polygon",
        "coordinates": [
          [
            [
              23.620375986,
              37.968683743
            ],
            [
              23.621107625,
              37.968183018
            ],
            [
              23.621605399,
              37.968618046
            ],
            [
              23.620837407,
              37.969126397
            ],
            [
              23.620375986,
              37.968683743
            ]
          ]
        ]
      },
      "properties": {
        "gid": 116,
        "fid": 116,
        "bid": 14,
        "d_e": "ΚΕΡΑΤΣΙΝΙ",
        "onomasia": "ΕΚΠΑΙΔΕΥΣΗ",
        "fek_gps": "ΦΕΚ 142ΑΑΠ/05-05-2014",
        "fek": "../data/FEK/FEK_2014_142_AAP.pdf|../data/gps/gps_keratsini_orsa.jpg",
        "area_sqm": 5565.06,
        "source_file": "ydom_pol_chriseis_gis.shp"
      }
    },
    {
      "type": "Feature",
      "geometry": {
        "type": "Polygon",
        "coordinates": [
          [
            [
              23.634389362,
              37.946935688
            ],
            [
              23.6325024,
              37.946938963
            ],
            [
              23.632459016,
              37.946218962
            ],
            [
              23.632421019,
              37.945853226
            ],
            [
              23.632282322,
              37.94584711
            ],
            [
              23.632230014,
              37.945229369
            ],
            [
              23.633178775,
              37.94509781
            ],
            [
              23.633497658,
              37.945758753
            ],
            [
              23.633729847,
              37.946371407
            ],
            [
              23.633950318,
              37.946515029
            ],
            [
              23.634243261,
              37.946724612
            ],
            [
              23.634389362,
              37.946935688
            ]
          ]
        ]
      },
      "properties": {
        "gid": 117,
        "fid": 117,
        "bid": 198,
        "d_e": "ΔΡΑΠΕΤΣΩΝΑ",
        "onomasia": "ΕΓΚΑΤΑΣΤΑΣΕΙΣ ΣΥΝΕΡΓΕΙΩΝ ΟΛΠ",
        "fek_gps": "Αναθεώρηση 29-05-86 (ΦΕΚ_650Δ/11-08-86)",
        "fek": "../data/FEK/FEK_1986_650_D.pdf",
        "area_sqm": 22523.67,
        "source_file": "ydom_pol_chriseis_gis.shp"
      }
    },
    {
      "type": "Feature",
      "geometry": {
        "type": "Polygon",
        "coordinates": [
          [
            [
              23.613216315,
              37.967425196
            ],
            [
              23.613250551,
              37.967077893
            ],
            [
              23.613552083,
              37.967110467
            ],
            [
              23.613522887,
              37.967447917
            ],
            [
              23.613216315,
              37.967425196
            ]
          ]
        ]
      },
      "properties": {
        "gid": 118,
        "fid": 118,
        "bid": 19,
        "d_e": "ΚΕΡΑΤΣΙΝΙ",
        "onomasia": "ΕΚΠΑΙΔΕΥΣΗ",
        "fek_gps": "ΦΕΚ 142ΑΑΠ/05-05-2014",
        "fek": "../data/FEK/FEK_2014_142_AAP.pdf|../data/gps/gps_keratsini_orsa.jpg",
        "area_sqm": 1023.1,
        "source_file": "ydom_pol_chriseis_gis.shp"
      }
    },
    {
      "type": "Feature",
      "geometry": {
        "type": "Polygon",
        "coordinates": [
          [
            [
              23.616171428,
              37.972136823
            ],
            [
              23.617027837,
              37.97096314
            ],
            [
              23.61769976,
              37.971333269
            ],
            [
              23.618056952,
              37.971106623
            ],
            [
              23.618118854,
              37.971189937
            ],
            [
              23.618092244,
              37.971497645
            ],
            [
              23.617975144,
              37.97150224
            ],
            [
              23.617655434,
              37.971344862
            ],
            [
              23.616362927,
              37.972234171
            ],
            [
              23.616171428,
              37.972136823
            ]
          ]
        ]
      },
      "properties": {
        "gid": 119,
        "fid": 119,
        "bid": 20,
        "d_e": "ΚΕΡΑΤΣΙΝΙ",
        "onomasia": "ΠΡΑΣΙΝΟ",
        "fek_gps": "ΦΕΚ 142ΑΑΠ/05-05-2014",
        "fek": "../data/FEK/FEK_2014_142_AAP.pdf|../data/gps/gps_keratsini_orsa.jpg",
        "area_sqm": 7720.78,
        "source_file": "ydom_pol_chriseis_gis.shp"
      }
    },
    {
      "type": "Feature",
      "geometry": {
        "type": "Polygon",
        "coordinates": [
          [
            [
              23.622883246,
              37.949343872
            ],
            [
              23.61995707,
              37.949339343
            ],
            [
              23.619937473,
              37.949801997
            ],
            [
              23.619280665,
              37.949799235
            ],
            [
              23.618725239,
              37.949772872
            ],
            [
              23.617720928,
              37.949195131
            ],
            [
              23.617837266,
              37.949053562
            ],
            [
              23.61777083,
              37.948860524
            ],
            [
              23.617357248,
              37.948732423
            ],
            [
              23.617313535,
              37.948655443
            ],
            [
              23.616193754,
              37.948314384
            ],
            [
              23.616079474,
              37.948118638
            ],
            [
              23.615879826,
              37.94761871
            ],
            [
              23.615806888,
              37.947543678
            ],
            [
              23.615497498,
              37.947179358
            ],
            [
              23.614668282,
              37.946329666
            ],
            [
              23.614483324,
              37.946373861
            ],
            [
              23.614234603,
              37.94598359
            ],
            [
              23.614635255,
              37.945633285
            ],
            [
              23.615837878,
              37.945786357
            ],
            [
              23.616443238,
              37.945775069
            ],
            [
              23.617048924,
              37.94579194
            ],
            [
              23.617060568,
              37.946382849
            ],
            [
              23.616610893,
              37.946622479
            ],
            [
              23.616516165,
              37.946672913
            ],
            [
              23.617378133,
              37.947822821
            ],
            [
              23.619201367,
              37.947559412
            ],
            [
              23.621643711,
              37.947221198
            ],
            [
              23.621631185,
              37.947000943
            ],
            [
              23.622938098,
              37.946992494
            ],
            [
              23.622925497,
              37.947470607
            ],
            [
              23.622883246,
              37.949343872
            ]
          ]
        ]
      },
      "properties": {
        "gid": 120,
        "fid": 120,
        "bid": 182,
        "d_e": "ΔΡΑΠΕΤΣΩΝΑ",
        "onomasia": "ΒΙΟΜΗΧΑΝΙΚΟ ΠΑΡΚΟ - ΒΙΟΤΕΧΝΙΚΕΣ / ΒΙΟΜΗΧΑΝΙΚΕΣ ΕΓΚΑΤΑΣΤΑΣΕΙΣ ΜΗ ΙΔΙΑΙΤΕΡΩΣ ΟΧΛΟΥΣΕΣ",
        "fek_gps": "ΦΕΚ 207Δ/30-04-1991",
        "fek": "../data/FEK/FEK_1991_207_D.pdf|../data/gps/gps_drapetsonas_orsa.jpg",
        "area_sqm": 155821.51,
        "source_file": "ydom_pol_chriseis_gis.shp"
      }
    },
    {
      "type": "Feature",
      "geometry": {
        "type": "Polygon",
        "coordinates": [
          [
            [
              23.62708322,
              37.973960716
            ],
            [
              23.626976833,
              37.973547577
            ],
            [
              23.627329917,
              37.973495205
            ],
            [
              23.627606034,
              37.972903315
            ],
            [
              23.628029169,
              37.972944291
            ],
            [
              23.627979737,
              37.973268444
            ],
            [
              23.62821591,
              37.973825921
            ],
            [
              23.628523182,
              37.97382509
            ],
            [
              23.628580326,
              37.974228854
            ],
            [
              23.62880335,
              37.974234964
            ],
            [
              23.628751381,
              37.974611358
            ],
            [
              23.62859203,
              37.97461626
            ],
            [
              23.628701642,
              37.974792274
            ],
            [
              23.628959721,
              37.974788381
            ],
            [
              23.628955822,
              37.974957088
            ],
            [
              23.628867098,
              37.974953436
            ],
            [
              23.628659975,
              37.974786116
            ],
            [
              23.628214808,
              37.97472137
            ],
            [
              23.628328873,
              37.974218151
            ],
            [
              23.627286172,
              37.973594161
            ],
            [
              23.62708322,
              37.973960716
            ]
          ]
        ]
      },
      "properties": {
        "gid": 121,
        "fid": 121,
        "bid": 145,
        "d_e": "ΚΕΡΑΤΣΙΝΙ",
        "onomasia": "ΠΡΑΣΙΝΟ",
        "fek_gps": "ΦΕΚ 142ΑΑΠ/05-05-2014",
        "fek": "../data/FEK/FEK_2014_142_AAP.pdf|../data/gps/gps_keratsini_orsa.jpg",
        "area_sqm": 10995.54,
        "source_file": "ydom_pol_chriseis_gis.shp"
      }
    },
    {
      "type": "Feature",
      "geometry": {
        "type": "Polygon",
        "coordinates": [
          [
            [
              23.613267422,
              37.955628905
            ],
            [
              23.612600728,
              37.955040086
            ],
            [
              23.611598518,
              37.954109539
            ],
            [
              23.611562877,
              37.953912134
            ],
            [
              23.611680669,
              37.953581197
            ],
            [
              23.613234064,
              37.954020911
            ],
            [
              23.613821071,
              37.954489578
            ],
            [
              23.613906845,
              37.954605645
            ],
            [
              23.613934216,
              37.955083746
            ],
            [
              23.614043946,
              37.955160924
            ],
            [
              23.613267422,
              37.955628905
            ]
          ]
        ]
      },
      "properties": {
        "gid": 122,
        "fid": 122,
        "bid": 147,
        "d_e": "ΚΕΡΑΤΣΙΝΙ",
        "onomasia": "ΚΕΝΤΡΙΚΕΣ ΛΕΙΤΟΥΡΓΙΕΣ ΠΟΛΗΣ - ΔΕΗ",
        "fek_gps": "ΦΕΚ 142ΑΑΠ/05-05-2014",
        "fek": "../data/FEK/FEK_2014_142_AAP.pdf|../data/gps/gps_keratsini_orsa.jpg",
        "area_sqm": 24809.24,
        "source_file": "ydom_pol_chriseis_gis.shp"
      }
    },
    {
      "type": "Feature",
      "geometry": {
        "type": "Polygon",
        "coordinates": [
          [
            [
              23.610680578,
              37.955984322
            ],
            [
              23.608991175,
              37.95445086
            ],
            [
              23.609353096,
              37.95421133
            ],
            [
              23.609696411,
              37.954005804
            ],
            [
              23.609740737,
              37.953914425
            ],
            [
              23.610497976,
              37.953845019
            ],
            [
              23.610752489,
              37.953942009
            ],
            [
              23.611472041,
              37.954158186
            ],
            [
              23.6108809,
              37.954562684
            ],
            [
              23.610956403,
              37.95466446
            ],
            [
              23.610833495,
              37.954748674
            ],
            [
              23.61146365,
              37.955352143
            ],
            [
              23.610989388,
              37.955655679
            ],
            [
              23.611061148,
              37.955726428
            ],
            [
              23.610977167,
              37.955784155
            ],
            [
              23.610938043,
              37.955811049
            ],
            [
              23.610680578,
              37.955984322
            ]
          ]
        ]
      },
      "properties": {
        "gid": 123,
        "fid": 123,
        "bid": 148,
        "d_e": "ΚΕΡΑΤΣΙΝΙ",
        "onomasia": "ΚΕΝΤΡΙΚΕΣ ΛΕΙΤΟΥΡΓΙΕΣ ΠΟΛΗΣ - ΑΛΕΥΡΟΜΥΛΟΙ ΑΓ. ΓΕΩΡΓΙΟΥ",
        "fek_gps": "ΦΕΚ 142ΑΑΠ/05-05-2014",
        "fek": "../data/FEK/FEK_2014_142_AAP.pdf|../data/gps/gps_keratsini_orsa.jpg",
        "area_sqm": 28011.64,
        "source_file": "ydom_pol_chriseis_gis.shp"
      }
    },
    {
      "type": "Feature",
      "geometry": {
        "type": "Polygon",
        "coordinates": [
          [
            [
              23.611114332,
              37.95596669
            ],
            [
              23.612600728,
              37.955040086
            ],
            [
              23.613267422,
              37.955628905
            ],
            [
              23.611810771,
              37.956556499
            ],
            [
              23.611114332,
              37.95596669
            ]
          ]
        ]
      },
      "properties": {
        "gid": 124,
        "fid": 124,
        "bid": 149,
        "d_e": "ΚΕΡΑΤΣΙΝΙ",
        "onomasia": "ΒΙΠΑ",
        "fek_gps": "ΦΕΚ 142ΑΑΠ/05-05-2014",
        "fek": "../data/FEK/FEK_2014_142_AAP.pdf|../data/gps/gps_keratsini_orsa.jpg",
        "area_sqm": 14612.09,
        "source_file": "ydom_pol_chriseis_gis.shp"
      }
    },
    {
      "type": "Feature",
      "geometry": {
        "type": "Polygon",
        "coordinates": [
          [
            [
              23.610526048,
              37.966866192
            ],
            [
              23.61077849,
              37.966684153
            ],
            [
              23.611152283,
              37.9670106
            ],
            [
              23.610890704,
              37.967198915
            ],
            [
              23.610526048,
              37.966866192
            ]
          ]
        ]
      },
      "properties": {
        "gid": 125,
        "fid": 125,
        "bid": 150,
        "d_e": "ΚΕΡΑΤΣΙΝΙ",
        "onomasia": "ΑΘΛΗΤΙΣΜΟΣ",
        "fek_gps": "ΦΕΚ 142ΑΑΠ/05-05-2014",
        "fek": "../data/FEK/FEK_2014_142_AAP.pdf|../data/gps/gps_keratsini_orsa.jpg",
        "area_sqm": 1491.9,
        "source_file": "ydom_pol_chriseis_gis.shp"
      }
    },
    {
      "type": "Feature",
      "geometry": {
        "type": "Polygon",
        "coordinates": [
          [
            [
              23.610799201,
              37.966640981
            ],
            [
              23.610654225,
              37.966512579
            ],
            [
              23.61093516,
              37.966321626
            ],
            [
              23.611088078,
              37.966454558
            ],
            [
              23.610799201,
              37.966640981
            ]
          ]
        ]
      },
      "properties": {
        "gid": 126,
        "fid": 126,
        "bid": 151,
        "d_e": "ΚΕΡΑΤΣΙΝΙ",
        "onomasia": "ΑΘΛΗΤΙΣΜΟΣ",
        "fek_gps": "ΦΕΚ 142ΑΑΠ/05-05-2014",
        "fek": "../data/FEK/FEK_2014_142_AAP.pdf|../data/gps/gps_keratsini_orsa.jpg",
        "area_sqm": 636.73,
        "source_file": "ydom_pol_chriseis_gis.shp"
      }
    },
    {
      "type": "Feature",
      "geometry": {
        "type": "Polygon",
        "coordinates": [
          [
            [
              23.611496094,
              37.966548694
            ],
            [
              23.611538919,
              37.966195699
            ],
            [
              23.611996153,
              37.966235044
            ],
            [
              23.611951073,
              37.966584428
            ],
            [
              23.611496094,
              37.966548694
            ]
          ]
        ]
      },
      "properties": {
        "gid": 127,
        "fid": 127,
        "bid": 152,
        "d_e": "ΚΕΡΑΤΣΙΝΙ",
        "onomasia": "ΑΘΛΗΤΙΣΜΟΣ",
        "fek_gps": "ΦΕΚ 142ΑΑΠ/05-05-2014",
        "fek": "../data/FEK/FEK_2014_142_AAP.pdf|../data/gps/gps_keratsini_orsa.jpg",
        "area_sqm": 1577.2,
        "source_file": "ydom_pol_chriseis_gis.shp"
      }
    },
    {
      "type": "Feature",
      "geometry": {
        "type": "Polygon",
        "coordinates": [
          [
            [
              23.626270047,
              37.953672026
            ],
            [
              23.627464786,
              37.953690363
            ],
            [
              23.628594766,
              37.953687994
            ],
            [
              23.62855943,
              37.955178603
            ],
            [
              23.628557577,
              37.956820943
            ],
            [
              23.626428156,
              37.956843066
            ],
            [
              23.626270047,
              37.953672026
            ]
          ]
        ]
      },
      "properties": {
        "gid": 128,
        "fid": 128,
        "bid": 131,
        "d_e": "ΚΕΡΑΤΣΙΝΙ",
        "onomasia": "ΓΕΝΙΚΗ ΚΑΤΟΙΚΙΑ Β",
        "fek_gps": "ΦΕΚ 142ΑΑΠ/05-05-2014",
        "fek": "../data/FEK/FEK_2014_142_AAP.pdf|../data/gps/gps_keratsini_orsa.jpg",
        "area_sqm": 68042.34,
        "source_file": "ydom_pol_chriseis_gis.shp"
      }
    },
    {
      "type": "Feature",
      "geometry": {
        "type": "Polygon",
        "coordinates": [
          [
            [
              23.605511383,
              37.968914032
            ],
            [
              23.605807132,
              37.968214171
            ],
            [
              23.606264523,
              37.967702196
            ],
            [
              23.607216015,
              37.966885115
            ],
            [
              23.607802856,
              37.966546432
            ],
            [
              23.608231041,
              37.96620206
            ],
            [
              23.608345247,
              37.965935323
            ],
            [
              23.60838845,
              37.965395976
            ],
            [
              23.608417684,
              37.964947196
            ],
            [
              23.608586329,
              37.964595711
            ],
            [
              23.608635881,
              37.964205085
            ],
            [
              23.60851152,
              37.963813284
            ],
            [
              23.608184502,
              37.963337467
            ],
            [
              23.607776124,
              37.963140594
            ],
            [
              23.607568545,
              37.962848572
            ],
            [
              23.607195673,
              37.962376401
            ],
            [
              23.608616435,
              37.962296717
            ],
            [
              23.608421317,
              37.962912232
            ],
            [
              23.608435883,
              37.963315366
            ],
            [
              23.608732405,
              37.964094458
            ],
            [
              23.608753226,
              37.964408805
            ],
            [
              23.608484819,
              37.965219863
            ],
            [
              23.608928674,
              37.965405251
            ],
            [
              23.609431695,
              37.965529083
            ],
            [
              23.609991158,
              37.965472639
            ],
            [
              23.610801137,
              37.965342947
            ],
            [
              23.611513625,
              37.965125275
            ],
            [
              23.612263774,
              37.964475979
            ],
            [
              23.612504152,
              37.963959889
            ],
            [
              23.612971918,
              37.963655732
            ],
            [
              23.613013227,
              37.964076326
            ],
            [
              23.612925599,
              37.964414976
            ],
            [
              23.612617936,
              37.964820598
            ],
            [
              23.612172561,
              37.965154245
            ],
            [
              23.610091688,
              37.966665491
            ],
            [
              23.609151301,
              37.9673249
            ],
            [
              23.609106963,
              37.967356203
            ],
            [
              23.608794958,
              37.96757648
            ],
            [
              23.608383088,
              37.966628321
            ],
            [
              23.606817136,
              37.967425485
            ],
            [
              23.606342766,
              37.967811605
            ],
            [
              23.60670774,
              37.968206539
            ],
            [
              23.607194123,
              37.968606177
            ],
            [
              23.60602857,
              37.969503254
            ],
            [
              23.605511383,
              37.968914032
            ]
          ]
        ]
      },
      "properties": {
        "gid": 129,
        "fid": 129,
        "bid": 154,
        "d_e": "ΚΕΡΑΤΣΙΝΙ",
        "onomasia": "ΠΑΡΑΓΩΓΙΚΕΣ ΔΡΑΣΤΗΡΙΟΤΗΤΕΣ",
        "fek_gps": "ΦΕΚ 142ΑΑΠ/05-05-2014",
        "fek": "../data/FEK/FEK_2014_142_AAP.pdf|../data/gps/gps_keratsini_orsa.jpg",
        "area_sqm": 82657.8,
        "source_file": "ydom_pol_chriseis_gis.shp"
      }
    },
    {
      "type": "Feature",
      "geometry": {
        "type": "Polygon",
        "coordinates": [
          [
            [
              23.607194123,
              37.968606177
            ],
            [
              23.60670774,
              37.968206539
            ],
            [
              23.606342766,
              37.967811605
            ],
            [
              23.606817136,
              37.967425485
            ],
            [
              23.608383088,
              37.966628321
            ],
            [
              23.608794958,
              37.96757648
            ],
            [
              23.607987914,
              37.968146247
            ],
            [
              23.607194123,
              37.968606177
            ]
          ]
        ]
      },
      "properties": {
        "gid": 130,
        "fid": 130,
        "bid": 155,
        "d_e": "ΚΕΡΑΤΣΙΝΙ",
        "onomasia": "ΑΘΛΗΤΙΣΜΟΣ",
        "fek_gps": "ΦΕΚ 142ΑΑΠ/05-05-2014",
        "fek": "../data/FEK/FEK_2014_142_AAP.pdf|../data/gps/gps_keratsini_orsa.jpg",
        "area_sqm": 23996.07,
        "source_file": "ydom_pol_chriseis_gis.shp"
      }
    },
    {
      "type": "Feature",
      "geometry": {
        "type": "Polygon",
        "coordinates": [
          [
            [
              23.611564636,
              37.96606606
            ],
            [
              23.611585953,
              37.965907579
            ],
            [
              23.611947688,
              37.965930394
            ],
            [
              23.61192182,
              37.966088859
            ],
            [
              23.611564636,
              37.96606606
            ]
          ]
        ]
      },
      "properties": {
        "gid": 131,
        "fid": 131,
        "bid": 153,
        "d_e": "ΚΕΡΑΤΣΙΝΙ",
        "onomasia": "ΑΘΛΗΤΙΣΜΟΣ",
        "fek_gps": "ΦΕΚ 142ΑΑΠ/05-05-2014",
        "fek": "../data/FEK/FEK_2014_142_AAP.pdf|../data/gps/gps_keratsini_orsa.jpg",
        "area_sqm": 560.43,
        "source_file": "ydom_pol_chriseis_gis.shp"
      }
    },
    {
      "type": "Feature",
      "geometry": {
        "type": "Polygon",
        "coordinates": [
          [
            [
              23.612839195,
              37.965162081
            ],
            [
              23.612872904,
              37.964900696
            ],
            [
              23.613427112,
              37.964928119
            ],
            [
              23.613388756,
              37.965194975
            ],
            [
              23.612839195,
              37.965162081
            ]
          ]
        ]
      },
      "properties": {
        "gid": 132,
        "fid": 132,
        "bid": 156,
        "d_e": "ΚΕΡΑΤΣΙΝΙ",
        "onomasia": "ΑΘΛΗΤΙΣΜΟΣ",
        "fek_gps": "ΦΕΚ 142ΑΑΠ/05-05-2014",
        "fek": "../data/FEK/FEK_2014_142_AAP.pdf|../data/gps/gps_keratsini_orsa.jpg",
        "area_sqm": 1431.24,
        "source_file": "ydom_pol_chriseis_gis.shp"
      }
    },
    {
      "type": "Feature",
      "geometry": {
        "type": "Polygon",
        "coordinates": [
          [
            [
              23.613963834,
              37.953682164
            ],
            [
              23.613507203,
              37.95367731
            ],
            [
              23.613518132,
              37.953377299
            ],
            [
              23.613970447,
              37.953392205
            ],
            [
              23.613963834,
              37.953682164
            ]
          ]
        ]
      },
      "properties": {
        "gid": 133,
        "fid": 133,
        "bid": 86,
        "d_e": "ΚΕΡΑΤΣΙΝΙ",
        "onomasia": "ΕΚΠΑΙΔΕΥΣΗ",
        "fek_gps": "ΦΕΚ 142ΑΑΠ/05-05-2014",
        "fek": "../data/FEK/FEK_2014_142_AAP.pdf|../data/gps/gps_keratsini_orsa.jpg",
        "area_sqm": 1307.65,
        "source_file": "ydom_pol_chriseis_gis.shp"
      }
    },
    {
      "type": "Feature",
      "geometry": {
        "type": "Polygon",
        "coordinates": [
          [
            [
              23.624696001,
              37.964458857
            ],
            [
              23.624443063,
              37.963837935
            ],
            [
              23.624557339,
              37.963833669
            ],
            [
              23.624804935,
              37.964444376
            ],
            [
              23.624696001,
              37.964458857
            ]
          ]
        ]
      },
      "properties": {
        "gid": 134,
        "fid": 134,
        "bid": 89,
        "d_e": "ΚΕΡΑΤΣΙΝΙ",
        "onomasia": "ΠΡΑΣΙΝΟ",
        "fek_gps": "ΦΕΚ 142ΑΑΠ/05-05-2014",
        "fek": "../data/FEK/FEK_2014_142_AAP.pdf|../data/gps/gps_keratsini_orsa.jpg",
        "area_sqm": 692.71,
        "source_file": "ydom_pol_chriseis_gis.shp"
      }
    },
    {
      "type": "Feature",
      "geometry": {
        "type": "Polygon",
        "coordinates": [
          [
            [
              23.626614872,
              37.972219124
            ],
            [
              23.626536205,
              37.97157386
            ],
            [
              23.626927961,
              37.971517448
            ],
            [
              23.626932257,
              37.97156791
            ],
            [
              23.626749269,
              37.971747501
            ],
            [
              23.626734956,
              37.971877179
            ],
            [
              23.626743166,
              37.972053773
            ],
            [
              23.626810734,
              37.972194522
            ],
            [
              23.626902135,
              37.972344306
            ],
            [
              23.627033214,
              37.972306934
            ],
            [
              23.627211306,
              37.972438248
            ],
            [
              23.627125573,
              37.97247545
            ],
            [
              23.627291218,
              37.972596026
            ],
            [
              23.627086033,
              37.972663841
            ],
            [
              23.627453178,
              37.972974899
            ],
            [
              23.626833631,
              37.973066625
            ],
            [
              23.626649855,
              37.972447292
            ],
            [
              23.626614872,
              37.972219124
            ]
          ]
        ]
      },
      "properties": {
        "gid": 135,
        "fid": 135,
        "bid": 144,
        "d_e": "ΚΕΡΑΤΣΙΝΙ",
        "onomasia": "ΠΡΑΣΙΝΟ",
        "fek_gps": "ΦΕΚ 142ΑΑΠ/05-05-2014",
        "fek": "../data/FEK/FEK_2014_142_AAP.pdf|../data/gps/gps_keratsini_orsa.jpg",
        "area_sqm": 5133.35,
        "source_file": "ydom_pol_chriseis_gis.shp"
      }
    },
    {
      "type": "Feature",
      "geometry": {
        "type": "Polygon",
        "coordinates": [
          [
            [
              23.622794086,
              37.972490743
            ],
            [
              23.622357519,
              37.972097933
            ],
            [
              23.622480815,
              37.972023142
            ],
            [
              23.622911807,
              37.972413723
            ],
            [
              23.622794086,
              37.972490743
            ]
          ]
        ]
      },
      "properties": {
        "gid": 136,
        "fid": 136,
        "bid": 13,
        "d_e": "ΚΕΡΑΤΣΙΝΙ",
        "onomasia": "ΠΡΑΣΙΝΟ",
        "fek_gps": "ΦΕΚ 142ΑΑΠ/05-05-2014",
        "fek": "../data/FEK/FEK_2014_142_AAP.pdf|../data/gps/gps_keratsini_orsa.jpg",
        "area_sqm": 780.88,
        "source_file": "ydom_pol_chriseis_gis.shp"
      }
    },
    {
      "type": "Feature",
      "geometry": {
        "type": "Polygon",
        "coordinates": [
          [
            [
              23.618180885,
              37.964740524
            ],
            [
              23.618211306,
              37.964453487
            ],
            [
              23.618539999,
              37.964492071
            ],
            [
              23.618502397,
              37.964765255
            ],
            [
              23.618180885,
              37.964740524
            ]
          ]
        ]
      },
      "properties": {
        "gid": 138,
        "fid": 138,
        "bid": 17,
        "d_e": "ΚΕΡΑΤΣΙΝΙ",
        "onomasia": "ΕΚΠΑΙΔΕΥΣΗ",
        "fek_gps": "ΦΕΚ 142ΑΑΠ/05-05-2014",
        "fek": "../data/FEK/FEK_2014_142_AAP.pdf|../data/gps/gps_keratsini_orsa.jpg",
        "area_sqm": 898.03,
        "source_file": "ydom_pol_chriseis_gis.shp"
      }
    },
    {
      "type": "Feature",
      "geometry": {
        "type": "Polygon",
        "coordinates": [
          [
            [
              23.620507127,
              37.97226143
            ],
            [
              23.620789624,
              37.971702066
            ],
            [
              23.621717535,
              37.972101786
            ],
            [
              23.62139189,
              37.972836727
            ],
            [
              23.620507127,
              37.97226143
            ]
          ]
        ]
      },
      "properties": {
        "gid": 139,
        "fid": 139,
        "bid": 21,
        "d_e": "ΚΕΡΑΤΣΙΝΙ",
        "onomasia": "ΕΚΠΑΙΔΕΥΣΗ",
        "fek_gps": "ΦΕΚ 142ΑΑΠ/05-05-2014",
        "fek": "../data/FEK/FEK_2014_142_AAP.pdf|../data/gps/gps_keratsini_orsa.jpg",
        "area_sqm": 7160.6,
        "source_file": "ydom_pol_chriseis_gis.shp"
      }
    },
    {
      "type": "Feature",
      "geometry": {
        "type": "Polygon",
        "coordinates": [
          [
            [
              23.61870819,
              37.974877018
            ],
            [
              23.618595117,
              37.974560819
            ],
            [
              23.618941241,
              37.974656691
            ],
            [
              23.619061837,
              37.974965017
            ],
            [
              23.61870819,
              37.974877018
            ]
          ]
        ]
      },
      "properties": {
        "gid": 140,
        "fid": 140,
        "bid": 22,
        "d_e": "ΚΕΡΑΤΣΙΝΙ",
        "onomasia": "ΠΡΑΣΙΝΟ",
        "fek_gps": "ΦΕΚ 142ΑΑΠ/05-05-2014",
        "fek": "../data/FEK/FEK_2014_142_AAP.pdf|../data/gps/gps_keratsini_orsa.jpg",
        "area_sqm": 960.02,
        "source_file": "ydom_pol_chriseis_gis.shp"
      }
    },
    {
      "type": "Feature",
      "geometry": {
        "type": "Polygon",
        "coordinates": [
          [
            [
              23.623972153,
              37.974913701
            ],
            [
              23.624083317,
              37.975608886
            ],
            [
              23.624222318,
              37.975735663
            ],
            [
              23.623801931,
              37.976018568
            ],
            [
              23.623508827,
              37.9757926
            ],
            [
              23.623847531,
              37.974901459
            ],
            [
              23.623972153,
              37.974913701
            ]
          ]
        ]
      },
      "properties": {
        "gid": 141,
        "fid": 141,
        "bid": 23,
        "d_e": "ΚΕΡΑΤΣΙΝΙ",
        "onomasia": "ΠΡΑΣΙΝΟ",
        "fek_gps": "ΦΕΚ 142ΑΑΠ/05-05-2014",
        "fek": "../data/FEK/FEK_2014_142_AAP.pdf|../data/gps/gps_keratsini_orsa.jpg",
        "area_sqm": 3952.91,
        "source_file": "ydom_pol_chriseis_gis.shp"
      }
    },
    {
      "type": "Feature",
      "geometry": {
        "type": "Polygon",
        "coordinates": [
          [
            [
              23.624382359,
              37.97588619
            ],
            [
              23.624585055,
              37.975740785
            ],
            [
              23.624419948,
              37.975600117
            ],
            [
              23.624957423,
              37.975215715
            ],
            [
              23.625464561,
              37.975670871
            ],
            [
              23.624719996,
              37.976187321
            ],
            [
              23.624382359,
              37.97588619
            ]
          ]
        ]
      },
      "properties": {
        "gid": 142,
        "fid": 142,
        "bid": 24,
        "d_e": "ΚΕΡΑΤΣΙΝΙ",
        "onomasia": "ΕΚΠΑΙΔΕΥΣΗ",
        "fek_gps": "ΦΕΚ 142ΑΑΠ/05-05-2014",
        "fek": "../data/FEK/FEK_2014_142_AAP.pdf|../data/gps/gps_keratsini_orsa.jpg",
        "area_sqm": 5297.0,
        "source_file": "ydom_pol_chriseis_gis.shp"
      }
    },
    {
      "type": "Feature",
      "geometry": {
        "type": "Polygon",
        "coordinates": [
          [
            [
              23.623662494,
              37.974511999
            ],
            [
              23.623070616,
              37.973708681
            ],
            [
              23.623158306,
              37.97362803
            ],
            [
              23.623950137,
              37.974341186
            ],
            [
              23.623662494,
              37.974511999
            ]
          ]
        ]
      },
      "properties": {
        "gid": 143,
        "fid": 143,
        "bid": 25,
        "d_e": "ΚΕΡΑΤΣΙΝΙ",
        "onomasia": "ΠΡΑΣΙΝΟ",
        "fek_gps": "ΦΕΚ 142ΑΑΠ/05-05-2014",
        "fek": "../data/FEK/FEK_2014_142_AAP.pdf|../data/gps/gps_keratsini_orsa.jpg",
        "area_sqm": 2234.38,
        "source_file": "ydom_pol_chriseis_gis.shp"
      }
    },
    {
      "type": "Feature",
      "geometry": {
        "type": "Polygon",
        "coordinates": [
          [
            [
              23.615686648,
              37.973290001
            ],
            [
              23.615721513,
              37.972820315
            ],
            [
              23.616378592,
              37.973057359
            ],
            [
              23.616224182,
              37.97349902
            ],
            [
              23.615686648,
              37.973290001
            ]
          ]
        ]
      },
      "properties": {
        "gid": 144,
        "fid": 144,
        "bid": 26,
        "d_e": "ΚΕΡΑΤΣΙΝΙ",
        "onomasia": "ΕΚΠΑΙΔΕΥΣΗ",
        "fek_gps": "ΦΕΚ 142ΑΑΠ/05-05-2014",
        "fek": "../data/FEK/FEK_2014_142_AAP.pdf|../data/gps/gps_keratsini_orsa.jpg",
        "area_sqm": 2858.1,
        "source_file": "ydom_pol_chriseis_gis.shp"
      }
    },
    {
      "type": "Feature",
      "geometry": {
        "type": "Polygon",
        "coordinates": [
          [
            [
              23.62283289,
              37.977555675
            ],
            [
              23.623338052,
              37.976188954
            ],
            [
              23.623742428,
              37.976020684
            ],
            [
              23.624967726,
              37.977038036
            ],
            [
              23.624793913,
              37.97790896
            ],
            [
              23.62283289,
              37.977555675
            ]
          ]
        ]
      },
      "properties": {
        "gid": 145,
        "fid": 145,
        "bid": 27,
        "d_e": "ΚΕΡΑΤΣΙΝΙ",
        "onomasia": "ΑΘΛΗΤΙΣΜΟΣ",
        "fek_gps": "ΦΕΚ 142ΑΑΠ/05-05-2014",
        "fek": "../data/FEK/FEK_2014_142_AAP.pdf|../data/gps/gps_keratsini_orsa.jpg",
        "area_sqm": 24571.7,
        "source_file": "ydom_pol_chriseis_gis.shp"
      }
    },
    {
      "type": "Feature",
      "geometry": {
        "type": "Polygon",
        "coordinates": [
          [
            [
              23.610572738,
              37.971397519
            ],
            [
              23.611412948,
              37.969932364
            ],
            [
              23.612222705,
              37.970080223
            ],
            [
              23.612602595,
              37.970161082
            ],
            [
              23.612558867,
              37.973256277
            ],
            [
              23.610572738,
              37.971397519
            ]
          ]
        ]
      },
      "properties": {
        "gid": 146,
        "fid": 146,
        "bid": 8,
        "d_e": "ΚΕΡΑΤΣΙΝΙ",
        "onomasia": "ΠΡΑΣΙΝΟ",
        "fek_gps": "ΦΕΚ 142ΑΑΠ/05-05-2014",
        "fek": "../data/FEK/FEK_2014_142_AAP.pdf|../data/gps/gps_keratsini_orsa.jpg",
        "area_sqm": 39825.92,
        "source_file": "ydom_pol_chriseis_gis.shp"
      }
    },
    {
      "type": "Feature",
      "geometry": {
        "type": "Polygon",
        "coordinates": [
          [
            [
              23.627773039,
              37.979452952
            ],
            [
              23.627603069,
              37.979287059
            ],
            [
              23.627963183,
              37.979053789
            ],
            [
              23.628181952,
              37.97926313
            ],
            [
              23.627773039,
              37.979452952
            ]
          ]
        ]
      },
      "properties": {
        "gid": 147,
        "fid": 147,
        "bid": 205,
        "d_e": "ΚΕΡΑΤΣΙΝΙ",
        "onomasia": "ΠΡΑΣΙΝΟ",
        "fek_gps": "ΦΕΚ 142ΑΑΠ/05-05-2014",
        "fek": "../data/FEK/FEK_2014_142_AAP.pdf|../data/gps/gps_keratsini_orsa.jpg",
        "area_sqm": 1103.64,
        "source_file": "ydom_pol_chriseis_gis.shp"
      }
    },
    {
      "type": "Feature",
      "geometry": {
        "type": "Polygon",
        "coordinates": [
          [
            [
              23.611125842,
              37.949066095
            ],
            [
              23.60798316,
              37.949145942
            ],
            [
              23.607593898,
              37.948461542
            ],
            [
              23.607736875,
              37.948210758
            ],
            [
              23.608199372,
              37.948184122
            ],
            [
              23.608633263,
              37.947470803
            ],
            [
              23.609308949,
              37.947503262
            ],
            [
              23.609724477,
              37.947011911
            ],
            [
              23.610124477,
              37.94697128
            ],
            [
              23.610589651,
              37.947117762
            ],
            [
              23.610981647,
              37.947347723
            ],
            [
              23.610914749,
              37.947716885
            ],
            [
              23.611125842,
              37.949066095
            ]
          ]
        ]
      },
      "properties": {
        "gid": 148,
        "fid": 148,
        "bid": 157,
        "d_e": "ΚΕΡΑΤΣΙΝΙ",
        "onomasia": "ΕΥΔΑΠ",
        "fek_gps": "ΦΕΚ 142ΑΑΠ/05-05-2014",
        "fek": "../data/FEK/FEK_2014_142_AAP.pdf|../data/gps/gps_keratsini_orsa.jpg",
        "area_sqm": 52777.95,
        "source_file": "ydom_pol_chriseis_gis.shp"
      }
    },
    {
      "type": "Feature",
      "geometry": {
        "type": "Polygon",
        "coordinates": [
          [
            [
              23.60602857,
              37.969503254
            ],
            [
              23.607194123,
              37.968606177
            ],
            [
              23.607987914,
              37.968146247
            ],
            [
              23.608794958,
              37.96757648
            ],
            [
              23.609106963,
              37.967356203
            ],
            [
              23.609409804,
              37.967477236
            ],
            [
              23.608438159,
              37.968258987
            ],
            [
              23.608739083,
              37.968334337
            ],
            [
              23.608049654,
              37.969598173
            ],
            [
              23.60602857,
              37.969503254
            ]
          ]
        ]
      },
      "properties": {
        "gid": 149,
        "fid": 149,
        "bid": 44,
        "d_e": "ΚΕΡΑΤΣΙΝΙ",
        "onomasia": "ΠΡΑΣΙΝΟ",
        "fek_gps": "ΦΕΚ 142ΑΑΠ/05-05-2014",
        "fek": "../data/FEK/FEK_2014_142_AAP.pdf|../data/gps/gps_keratsini_orsa.jpg",
        "area_sqm": 24461.27,
        "source_file": "ydom_pol_chriseis_gis.shp"
      }
    },
    {
      "type": "Feature",
      "geometry": {
        "type": "Polygon",
        "coordinates": [
          [
            [
              23.625610434,
              37.977270769
            ],
            [
              23.625545863,
              37.977233101
            ],
            [
              23.625755914,
              37.977072093
            ],
            [
              23.626021193,
              37.977317424
            ],
            [
              23.626098009,
              37.977396535
            ],
            [
              23.62607039,
              37.977439824
            ],
            [
              23.625610434,
              37.977270769
            ]
          ]
        ]
      },
      "properties": {
        "gid": 150,
        "fid": 150,
        "bid": 28,
        "d_e": "ΚΕΡΑΤΣΙΝΙ",
        "onomasia": "ΠΡΑΣΙΝΟ",
        "fek_gps": "ΦΕΚ 142ΑΑΠ/05-05-2014",
        "fek": "../data/FEK/FEK_2014_142_AAP.pdf|../data/gps/gps_keratsini_orsa.jpg",
        "area_sqm": 780.52,
        "source_file": "ydom_pol_chriseis_gis.shp"
      }
    },
    {
      "type": "Feature",
      "geometry": {
        "type": "Polygon",
        "coordinates": [
          [
            [
              23.626478532,
              37.978003047
            ],
            [
              23.626728637,
              37.97780273
            ],
            [
              23.626956209,
              37.978116948
            ],
            [
              23.626948597,
              37.978144527
            ],
            [
              23.626478532,
              37.978003047
            ]
          ]
        ]
      },
      "properties": {
        "gid": 151,
        "fid": 151,
        "bid": 29,
        "d_e": "ΚΕΡΑΤΣΙΝΙ",
        "onomasia": "ΠΡΑΣΙΝΟ",
        "fek_gps": "ΦΕΚ 142ΑΑΠ/05-05-2014",
        "fek": "../data/FEK/FEK_2014_142_AAP.pdf|../data/gps/gps_keratsini_orsa.jpg",
        "area_sqm": 673.42,
        "source_file": "ydom_pol_chriseis_gis.shp"
      }
    },
    {
      "type": "Feature",
      "geometry": {
        "type": "Polygon",
        "coordinates": [
          [
            [
              23.625356375,
              37.978738855
            ],
            [
              23.625548855,
              37.978605394
            ],
            [
              23.625794401,
              37.978813201
            ],
            [
              23.625701868,
              37.978885858
            ],
            [
              23.625356375,
              37.978738855
            ]
          ]
        ]
      },
      "properties": {
        "gid": 152,
        "fid": 152,
        "bid": 30,
        "d_e": "ΚΕΡΑΤΣΙΝΙ",
        "onomasia": "ΠΡΑΣΙΝΟ",
        "fek_gps": "ΦΕΚ 142ΑΑΠ/05-05-2014",
        "fek": "../data/FEK/FEK_2014_142_AAP.pdf|../data/gps/gps_keratsini_orsa.jpg",
        "area_sqm": 543.13,
        "source_file": "ydom_pol_chriseis_gis.shp"
      }
    },
    {
      "type": "Feature",
      "geometry": {
        "type": "Polygon",
        "coordinates": [
          [
            [
              23.622106067,
              37.978635993
            ],
            [
              23.621679064,
              37.977599869
            ],
            [
              23.621628101,
              37.977333414
            ],
            [
              23.62179368,
              37.977117124
            ],
            [
              23.622112026,
              37.977169718
            ],
            [
              23.62200251,
              37.977406786
            ],
            [
              23.622727775,
              37.977698554
            ],
            [
              23.622487764,
              37.978621199
            ],
            [
              23.622106067,
              37.978635993
            ]
          ]
        ]
      },
      "properties": {
        "gid": 153,
        "fid": 153,
        "bid": 32,
        "d_e": "ΚΕΡΑΤΣΙΝΙ",
        "onomasia": "ΕΚΠΑΙΔΕΥΣΗ",
        "fek_gps": "ΦΕΚ 142ΑΑΠ/05-05-2014",
        "fek": "../data/FEK/FEK_2014_142_AAP.pdf|../data/gps/gps_keratsini_orsa.jpg",
        "area_sqm": 9246.94,
        "source_file": "ydom_pol_chriseis_gis.shp"
      }
    },
    {
      "type": "Feature",
      "geometry": {
        "type": "Polygon",
        "coordinates": [
          [
            [
              23.622701834,
              37.977646101
            ],
            [
              23.622458357,
              37.977523076
            ],
            [
              23.622718535,
              37.977303084
            ],
            [
              23.622882931,
              37.977303611
            ],
            [
              23.622766858,
              37.977595046
            ],
            [
              23.622701834,
              37.977646101
            ]
          ]
        ]
      },
      "properties": {
        "gid": 154,
        "fid": 154,
        "bid": 33,
        "d_e": "ΚΕΡΑΤΣΙΝΙ",
        "onomasia": "ΠΡΑΣΙΝΟ",
        "fek_gps": "ΦΕΚ 142ΑΑΠ/05-05-2014",
        "fek": "../data/FEK/FEK_2014_142_AAP.pdf|../data/gps/gps_keratsini_orsa.jpg",
        "area_sqm": 755.18,
        "source_file": "ydom_pol_chriseis_gis.shp"
      }
    },
    {
      "type": "Feature",
      "geometry": {
        "type": "Polygon",
        "coordinates": [
          [
            [
              23.621861216,
              37.976420966
            ],
            [
              23.621660087,
              37.976298075
            ],
            [
              23.621797699,
              37.976178246
            ],
            [
              23.62204355,
              37.976322968
            ],
            [
              23.621861216,
              37.976420966
            ]
          ]
        ]
      },
      "properties": {
        "gid": 155,
        "fid": 155,
        "bid": 34,
        "d_e": "ΚΕΡΑΤΣΙΝΙ",
        "onomasia": "ΠΡΑΣΙΝΟ",
        "fek_gps": "ΦΕΚ 142ΑΑΠ/05-05-2014",
        "fek": "../data/FEK/FEK_2014_142_AAP.pdf|../data/gps/gps_keratsini_orsa.jpg",
        "area_sqm": 445.79,
        "source_file": "ydom_pol_chriseis_gis.shp"
      }
    },
    {
      "type": "Feature",
      "geometry": {
        "type": "Polygon",
        "coordinates": [
          [
            [
              23.62708322,
              37.973960716
            ],
            [
              23.626992015,
              37.97415176
            ],
            [
              23.626665463,
              37.974187653
            ],
            [
              23.62656275,
              37.973812709
            ],
            [
              23.626236215,
              37.973860964
            ],
            [
              23.626179809,
              37.973687278
            ],
            [
              23.626976833,
              37.973547577
            ],
            [
              23.62708322,
              37.973960716
            ]
          ]
        ]
      },
      "properties": {
        "gid": 156,
        "fid": 156,
        "bid": 35,
        "d_e": "ΚΕΡΑΤΣΙΝΙ",
        "onomasia": "ΕΚΠΑΙΔΕΥΣΗ",
        "fek_gps": "ΦΕΚ 142ΑΑΠ/05-05-2014",
        "fek": "../data/FEK/FEK_2014_142_AAP.pdf|../data/gps/gps_keratsini_orsa.jpg",
        "area_sqm": 3173.2,
        "source_file": "ydom_pol_chriseis_gis.shp"
      }
    },
    {
      "type": "Feature",
      "geometry": {
        "type": "Polygon",
        "coordinates": [
          [
            [
              23.621262075,
              37.969150009
            ],
            [
              23.621370156,
              37.969079377
            ],
            [
              23.621554324,
              37.969227352
            ],
            [
              23.621451834,
              37.969300467
            ],
            [
              23.621262075,
              37.969150009
            ]
          ]
        ]
      },
      "properties": {
        "gid": 157,
        "fid": 157,
        "bid": 36,
        "d_e": "ΚΕΡΑΤΣΙΝΙ",
        "onomasia": "ΠΡΑΣΙΝΟ",
        "fek_gps": "ΦΕΚ 142ΑΑΠ/05-05-2014",
        "fek": "../data/FEK/FEK_2014_142_AAP.pdf|../data/gps/gps_keratsini_orsa.jpg",
        "area_sqm": 284.07,
        "source_file": "ydom_pol_chriseis_gis.shp"
      }
    },
    {
      "type": "Feature",
      "geometry": {
        "type": "Polygon",
        "coordinates": [
          [
            [
              23.627470862,
              37.976699753
            ],
            [
              23.627890337,
              37.976235403
            ],
            [
              23.62795405,
              37.975949712
            ],
            [
              23.627656834,
              37.975770827
            ],
            [
              23.627986119,
              37.975518017
            ],
            [
              23.628650612,
              37.975628559
            ],
            [
              23.628482735,
              37.976025912
            ],
            [
              23.628252256,
              37.976347688
            ],
            [
              23.627825526,
              37.977013334
            ],
            [
              23.627470862,
              37.976699753
            ]
          ]
        ]
      },
      "properties": {
        "gid": 158,
        "fid": 158,
        "bid": 37,
        "d_e": "ΚΕΡΑΤΣΙΝΙ",
        "onomasia": "ΠΡΑΣΙΝΟ",
        "fek_gps": "ΦΕΚ 142ΑΑΠ/05-05-2014",
        "fek": "../data/FEK/FEK_2014_142_AAP.pdf|../data/gps/gps_keratsini_orsa.jpg",
        "area_sqm": 7457.66,
        "source_file": "ydom_pol_chriseis_gis.shp"
      }
    },
    {
      "type": "Feature",
      "geometry": {
        "type": "Polygon",
        "coordinates": [
          [
            [
              23.620375986,
              37.968683743
            ],
            [
              23.620109048,
              37.968440139
            ],
            [
              23.620848434,
              37.967941107
            ],
            [
              23.621107625,
              37.968183018
            ],
            [
              23.620375986,
              37.968683743
            ]
          ]
        ]
      },
      "properties": {
        "gid": 159,
        "fid": 159,
        "bid": 38,
        "d_e": "ΚΕΡΑΤΣΙΝΙ",
        "onomasia": "ΠΡΑΣΙΝΟ",
        "fek_gps": "ΦΕΚ 142ΑΑΠ/05-05-2014",
        "fek": "../data/FEK/FEK_2014_142_AAP.pdf|../data/gps/gps_keratsini_orsa.jpg",
        "area_sqm": 3021.7,
        "source_file": "ydom_pol_chriseis_gis.shp"
      }
    },
    {
      "type": "Feature",
      "geometry": {
        "type": "Polygon",
        "coordinates": [
          [
            [
              23.626194603,
              37.974889869
            ],
            [
              23.626295606,
              37.974782496
            ],
            [
              23.626271344,
              37.974669043
            ],
            [
              23.626332645,
              37.974665537
            ],
            [
              23.626502212,
              37.974653947
            ],
            [
              23.62663908,
              37.974673747
            ],
            [
              23.626740976,
              37.974718433
            ],
            [
              23.626438,
              37.975037233
            ],
            [
              23.626194603,
              37.974889869
            ]
          ]
        ]
      },
      "properties": {
        "gid": 160,
        "fid": 160,
        "bid": 39,
        "d_e": "ΚΕΡΑΤΣΙΝΙ",
        "onomasia": "ΠΡΑΣΙΝΟ",
        "fek_gps": "ΦΕΚ 142ΑΑΠ/05-05-2014",
        "fek": "../data/FEK/FEK_2014_142_AAP.pdf|../data/gps/gps_keratsini_orsa.jpg",
        "area_sqm": 1160.38,
        "source_file": "ydom_pol_chriseis_gis.shp"
      }
    },
    {
      "type": "Feature",
      "geometry": {
        "type": "Polygon",
        "coordinates": [
          [
            [
              23.619752669,
              37.964635284
            ],
            [
              23.620014431,
              37.964212705
            ],
            [
              23.620996526,
              37.964317362
            ],
            [
              23.620705512,
              37.964741981
            ],
            [
              23.619752669,
              37.964635284
            ]
          ]
        ]
      },
      "properties": {
        "gid": 161,
        "fid": 161,
        "bid": 40,
        "d_e": "ΚΕΡΑΤΣΙΝΙ",
        "onomasia": "ΠΡΑΣΙΝΟ",
        "fek_gps": "ΦΕΚ 142ΑΑΠ/05-05-2014",
        "fek": "../data/FEK/FEK_2014_142_AAP.pdf|../data/gps/gps_keratsini_orsa.jpg",
        "area_sqm": 4278.88,
        "source_file": "ydom_pol_chriseis_gis.shp"
      }
    },
    {
      "type": "Feature",
      "geometry": {
        "type": "Polygon",
        "coordinates": [
          [
            [
              23.618211306,
              37.964453487
            ],
            [
              23.618180885,
              37.964740524
            ],
            [
              23.618502397,
              37.964765254
            ],
            [
              23.618539999,
              37.964492071
            ],
            [
              23.618561983,
              37.964493576
            ],
            [
              23.618680049,
              37.964508597
            ],
            [
              23.620705512,
              37.964741981
            ],
            [
              23.621159769,
              37.964927303
            ],
            [
              23.622058583,
              37.965324036
            ],
            [
              23.620848434,
              37.967941107
            ],
            [
              23.620109048,
              37.968440139
            ],
            [
              23.615364908,
              37.964229751
            ],
            [
              23.615385408,
              37.964119404
            ],
            [
              23.618092696,
              37.964439221
            ],
            [
              23.618211306,
              37.964453487
            ]
          ],
          [
            [
              23.617459699,
              37.964858592
            ],
            [
              23.618055958,
              37.965386122
            ],
            [
              23.618127821,
              37.965356268
            ],
            [
              23.618192421,
              37.964920191
            ],
            [
              23.617459699,
              37.964858592
            ]
          ],
          [
            [
              23.61873519,
              37.96603526
            ],
            [
              23.619317384,
              37.966544977
            ],
            [
              23.619611704,
              37.96625918
            ],
            [
              23.618850353,
              37.965944831
            ],
            [
              23.61873519,
              37.96603526
            ]
          ]
        ]
      },
      "properties": {
        "gid": 162,
        "fid": 162,
        "bid": 43,
        "d_e": "ΚΕΡΑΤΣΙΝΙ",
        "onomasia": "ΓΕΝΙΚΗ ΚΑΤΟΙΚΙΑ Β",
        "fek_gps": "ΦΕΚ 142ΑΑΠ/05-05-2014",
        "fek": "../data/FEK/FEK_2014_142_AAP.pdf|../data/gps/gps_keratsini_orsa.jpg",
        "area_sqm": 128394.08,
        "source_file": "ydom_pol_chriseis_gis.shp"
      }
    },
    {
      "type": "Feature",
      "geometry": {
        "type": "Polygon",
        "coordinates": [
          [
            [
              23.596342139,
              37.979576649
            ],
            [
              23.5950892,
              37.977872276
            ],
            [
              23.596923206,
              37.977752385
            ],
            [
              23.598413979,
              37.977258486
            ],
            [
              23.596342139,
              37.979576649
            ]
          ]
        ]
      },
      "properties": {
        "gid": 163,
        "fid": 163,
        "bid": 158,
        "d_e": "ΚΕΡΑΤΣΙΝΙ",
        "onomasia": "Ε4 - ΔΕΠΑ",
        "fek_gps": "ΦΕΚ 142ΑΑΠ/05-05-2014",
        "fek": "../data/FEK/FEK_2014_142_AAP.pdf|../data/gps/gps_keratsini_orsa.jpg",
        "area_sqm": 27814.24,
        "source_file": "ydom_pol_chriseis_gis.shp"
      }
    },
    {
      "type": "Feature",
      "geometry": {
        "type": "Polygon",
        "coordinates": [
          [
            [
              23.609070165,
              37.953006925
            ],
            [
              23.609288335,
              37.952628633
            ],
            [
              23.609691218,
              37.952241851
            ],
            [
              23.609783962,
              37.952255997
            ],
            [
              23.610185233,
              37.952498833
            ],
            [
              23.610484046,
              37.952553538
            ],
            [
              23.610526697,
              37.952677264
            ],
            [
              23.610824383,
              37.952729323
            ],
            [
              23.610994283,
              37.952725547
            ],
            [
              23.611201815,
              37.952812728
            ],
            [
              23.611279672,
              37.953116212
            ],
            [
              23.611531795,
              37.953587295
            ],
            [
              23.611020077,
              37.953519212
            ],
            [
              23.610548527,
              37.953538068
            ],
            [
              23.610565912,
              37.953803385
            ],
            [
              23.609816016,
              37.953848509
            ],
            [
              23.609436543,
              37.95385823
            ],
            [
              23.609166743,
              37.954031883
            ],
            [
              23.608594188,
              37.953537443
            ],
            [
              23.608939413,
              37.953462594
            ],
            [
              23.6093176,
              37.953426864
            ],
            [
              23.609648212,
              37.9534271
            ],
            [
              23.610002118,
              37.953409765
            ],
            [
              23.609939909,
              37.95326699
            ],
            [
              23.609989269,
              37.953249829
            ],
            [
              23.610157135,
              37.953410754
            ],
            [
              23.610281052,
              37.953379547
            ],
            [
              23.610682789,
              37.953291204
            ],
            [
              23.610602339,
              37.953109023
            ],
            [
              23.610621166,
              37.95309793
            ],
            [
              23.610788978,
              37.953305909
            ],
            [
              23.611021759,
              37.953314102
            ],
            [
              23.611051458,
              37.953232963
            ],
            [
              23.610996584,
              37.953088177
            ],
            [
              23.610984053,
              37.952977385
            ],
            [
              23.610978872,
              37.952797974
            ],
            [
              23.610906364,
              37.952756636
            ],
            [
              23.610655436,
              37.952757233
            ],
            [
              23.610428188,
              37.952722831
            ],
            [
              23.610226364,
              37.952645388
            ],
            [
              23.610150185,
              37.952646322
            ],
            [
              23.609976946,
              37.952686626
            ],
            [
              23.609516963,
              37.95294071
            ],
            [
              23.609322504,
              37.953230205
            ],
            [
              23.609247129,
              37.953217756
            ],
            [
              23.60909825,
              37.953210824
            ],
            [
              23.609037974,
              37.953188417
            ],
            [
              23.609070165,
              37.953006925
            ]
          ]
        ]
      },
      "properties": {
        "gid": 165,
        "fid": 165,
        "bid": 160,
        "d_e": "ΚΕΡΑΤΣΙΝΙ",
        "onomasia": "ΖΩΝΗ Δ - ΟΡΜΟΣ ΑΓ. ΝΙΚΟΛΑΟΥ",
        "fek_gps": "ΦΕΚ 142ΑΑΠ/05-05-2014",
        "fek": "../data/FEK/FEK_2014_142_AAP.pdf|../data/gps/gps_keratsini_orsa.jpg",
        "area_sqm": 17167.0,
        "source_file": "ydom_pol_chriseis_gis.shp"
      }
    },
    {
      "type": "Feature",
      "geometry": {
        "type": "Polygon",
        "coordinates": [
          [
            [
              23.627464786,
              37.953690363
            ],
            [
              23.626270047,
              37.953672026
            ],
            [
              23.625834953,
              37.953670553
            ],
            [
              23.622839555,
              37.953658895
            ],
            [
              23.622865563,
              37.953087841
            ],
            [
              23.623736788,
              37.953092184
            ],
            [
              23.623729015,
              37.952747508
            ],
            [
              23.624294388,
              37.952745542
            ],
            [
              23.624971263,
              37.9527477
            ],
            [
              23.624986734,
              37.952425742
            ],
            [
              23.625018949,
              37.951306939
            ],
            [
              23.626238713,
              37.951324133
            ],
            [
              23.627454633,
              37.95134126
            ],
            [
              23.628403861,
              37.951348538
            ],
            [
              23.628390477,
              37.951806291
            ],
            [
              23.62829349,
              37.951812676
            ],
            [
              23.628066057,
              37.952017002
            ],
            [
              23.628030379,
              37.95204897
            ],
            [
              23.627545977,
              37.952483002
            ],
            [
              23.627457726,
              37.952484276
            ],
            [
              23.627464786,
              37.953690363
            ]
          ],
          [
            [
              23.625793037,
              37.952024535
            ],
            [
              23.626209177,
              37.952035921
            ],
            [
              23.626213622,
              37.951785622
            ],
            [
              23.625793037,
              37.952024535
            ]
          ],
          [
            [
              23.626276943,
              37.952409005
            ],
            [
              23.626271513,
              37.952763757
            ],
            [
              23.626820119,
              37.952780819
            ],
            [
              23.626843702,
              37.952416542
            ],
            [
              23.626276943,
              37.952409005
            ]
          ]
        ]
      },
      "properties": {
        "gid": 166,
        "fid": 166,
        "bid": 76,
        "d_e": "ΚΕΡΑΤΣΙΝΙ",
        "onomasia": "ΓΕΝΙΚΗ ΚΑΤΟΙΚΙΑ Α",
        "fek_gps": "ΦΕΚ 142ΑΑΠ/05-05-2014",
        "fek": "../data/FEK/FEK_2014_142_AAP.pdf|../data/gps/gps_keratsini_orsa.jpg",
        "area_sqm": 77482.91,
        "source_file": "ydom_pol_chriseis_gis.shp"
      }
    },
    {
      "type": "Feature",
      "geometry": {
        "type": "Polygon",
        "coordinates": [
          [
            [
              23.60102183,
              37.984748086
            ],
            [
              23.60105645,
              37.984163826
            ],
            [
              23.601119292,
              37.983103282
            ],
            [
              23.600999784,
              37.980534709
            ],
            [
              23.600867714,
              37.980072691
            ],
            [
              23.600690855,
              37.979598686
            ],
            [
              23.600004685,
              37.979572684
            ],
            [
              23.599675667,
              37.979311192
            ],
            [
              23.599737081,
              37.979015523
            ],
            [
              23.601665786,
              37.978251579
            ],
            [
              23.602353311,
              37.97832131
            ],
            [
              23.603088773,
              37.97856531
            ],
            [
              23.603700712,
              37.97876857
            ],
            [
              23.604354785,
              37.979244664
            ],
            [
              23.604384046,
              37.979599329
            ],
            [
              23.607704259,
              37.979444757
            ],
            [
              23.607731287,
              37.982794187
            ],
            [
              23.606624606,
              37.982825997
            ],
            [
              23.606632672,
              37.984649297
            ],
            [
              23.60102183,
              37.984748086
            ]
          ]
        ]
      },
      "properties": {
        "gid": 167,
        "fid": 167,
        "bid": 1,
        "d_e": "ΚΕΡΑΤΣΙΝΙ",
        "onomasia": "Ε1 - ΝΕΚΡΟΤΑΦΕΙΟ",
        "fek_gps": "ΦΕΚ 142ΑΑΠ/05-05-2014",
        "fek": "../data/FEK/FEK_2014_142_AAP.pdf|../data/gps/gps_keratsini_orsa.jpg",
        "area_sqm": 359267.06,
        "source_file": "ydom_pol_chriseis_gis.shp"
      }
    },
    {
      "type": "Feature",
      "geometry": {
        "type": "Polygon",
        "coordinates": [
          [
            [
              23.604142153,
              37.988083366
            ],
            [
              23.601759356,
              37.986264551
            ],
            [
              23.600404017,
              37.984170475
            ],
            [
              23.60105645,
              37.984163826
            ],
            [
              23.60102183,
              37.984748086
            ],
            [
              23.606632672,
              37.984649297
            ],
            [
              23.606624606,
              37.982825997
            ],
            [
              23.607731287,
              37.982794187
            ],
            [
              23.607704259,
              37.979444757
            ],
            [
              23.604384046,
              37.979599329
            ],
            [
              23.604354785,
              37.979244664
            ],
            [
              23.603700712,
              37.97876857
            ],
            [
              23.602353311,
              37.97832131
            ],
            [
              23.601665786,
              37.978251579
            ],
            [
              23.599737081,
              37.979015523
            ],
            [
              23.598312183,
              37.97810435
            ],
            [
              23.598413979,
              37.977258486
            ],
            [
              23.598580508,
              37.97688033
            ],
            [
              23.599047284,
              37.97627833
            ],
            [
              23.599424023,
              37.975735198
            ],
            [
              23.599723689,
              37.975617866
            ],
            [
              23.599740311,
              37.975310209
            ],
            [
              23.59950238,
              37.975072697
            ],
            [
              23.599565463,
              37.97446932
            ],
            [
              23.599774968,
              37.974434527
            ],
            [
              23.600089964,
              37.974246237
            ],
            [
              23.600076811,
              37.973914808
            ],
            [
              23.599808918,
              37.973689029
            ],
            [
              23.5999001,
              37.973417131
            ],
            [
              23.600230876,
              37.973075037
            ],
            [
              23.600426324,
              37.972874504
            ],
            [
              23.600831463,
              37.972603671
            ],
            [
              23.602045522,
              37.972039697
            ],
            [
              23.603034478,
              37.971628809
            ],
            [
              23.60379898,
              37.971252661
            ],
            [
              23.604964573,
              37.970310101
            ],
            [
              23.60602857,
              37.969503254
            ],
            [
              23.608049654,
              37.969598173
            ],
            [
              23.609049434,
              37.96967637
            ],
            [
              23.609063568,
              37.969830274
            ],
            [
              23.608904459,
              37.97023214
            ],
            [
              23.610572738,
              37.971397519
            ],
            [
              23.612558867,
              37.973256277
            ],
            [
              23.6138986,
              37.974373185
            ],
            [
              23.614305927,
              37.973676248
            ],
            [
              23.615335615,
              37.974046508
            ],
            [
              23.6158584,
              37.974142898
            ],
            [
              23.620252043,
              37.976020202
            ],
            [
              23.621348156,
              37.976527724
            ],
            [
              23.621048399,
              37.976668781
            ],
            [
              23.621107536,
              37.976799158
            ],
            [
              23.621779134,
              37.977038022
            ],
            [
              23.62179368,
              37.977117124
            ],
            [
              23.621628101,
              37.977333414
            ],
            [
              23.621679064,
              37.977599869
            ],
            [
              23.622210738,
              37.97888569
            ],
            [
              23.62233701,
              37.97904587
            ],
            [
              23.6261707,
              37.980161937
            ],
            [
              23.619438258,
              37.985530124
            ],
            [
              23.618823882,
              37.997339571
            ],
            [
              23.617956275,
              37.997372262
            ],
            [
              23.616747522,
              37.99685942
            ],
            [
              23.614715561,
              37.996474058
            ],
            [
              23.613401413,
              37.996102858
            ],
            [
              23.612744687,
              37.99585216
            ],
            [
              23.611357283,
              37.995196654
            ],
            [
              23.610107882,
              37.993902493
            ],
            [
              23.609737522,
              37.993238499
            ],
            [
              23.609352277,
              37.99256262
            ],
            [
              23.608725379,
              37.992335669
            ],
            [
              23.608351705,
              37.99229892
            ],
            [
              23.607842558,
              37.99242741
            ],
            [
              23.607483838,
              37.992390708
            ],
            [
              23.60521127,
              37.989495337
            ],
            [
              23.604142153,
              37.988083366
            ]
          ]
        ]
      },
      "properties": {
        "gid": 168,
        "fid": 168,
        "bid": 2,
        "d_e": "ΚΕΡΑΤΣΙΝΙ",
        "onomasia": "ΖΩΝΗ Α",
        "fek_gps": "ΦΕΚ 142ΑΑΠ/05-05-2014",
        "fek": "../data/FEK/FEK_2014_142_AAP.pdf|../data/gps/gps_keratsini_orsa.jpg",
        "area_sqm": 3751918.04,
        "source_file": "ydom_pol_chriseis_gis.shp"
      }
    },
    {
      "type": "Feature",
      "geometry": {
        "type": "Polygon",
        "coordinates": [
          [
            [
              23.61873519,
              37.96603526
            ],
            [
              23.618850353,
              37.965944831
            ],
            [
              23.619611704,
              37.96625918
            ],
            [
              23.619317384,
              37.966544977
            ],
            [
              23.61873519,
              37.96603526
            ]
          ]
        ]
      },
      "properties": {
        "gid": 169,
        "fid": 169,
        "bid": 15,
        "d_e": "ΚΕΡΑΤΣΙΝΙ",
        "onomasia": "ΠΡΑΣΙΝΟ",
        "fek_gps": "ΦΕΚ 142ΑΑΠ/05-05-2014",
        "fek": "../data/FEK/FEK_2014_142_AAP.pdf|../data/gps/gps_keratsini_orsa.jpg",
        "area_sqm": 2053.78,
        "source_file": "ydom_pol_chriseis_gis.shp"
      }
    },
    {
      "type": "Feature",
      "geometry": {
        "type": "Polygon",
        "coordinates": [
          [
            [
              23.620705512,
              37.964741981
            ],
            [
              23.620996526,
              37.964317362
            ],
            [
              23.621541045,
              37.964396178
            ],
            [
              23.621159769,
              37.964927303
            ],
            [
              23.620705512,
              37.964741981
            ]
          ]
        ]
      },
      "properties": {
        "gid": 170,
        "fid": 170,
        "bid": 41,
        "d_e": "ΚΕΡΑΤΣΙΝΙ",
        "onomasia": "ΕΚΠΑΙΔΕΥΣΗ",
        "fek_gps": "ΦΕΚ 142ΑΑΠ/05-05-2014",
        "fek": "../data/FEK/FEK_2014_142_AAP.pdf|../data/gps/gps_keratsini_orsa.jpg",
        "area_sqm": 2758.57,
        "source_file": "ydom_pol_chriseis_gis.shp"
      }
    },
    {
      "type": "Feature",
      "geometry": {
        "type": "Polygon",
        "coordinates": [
          [
            [
              23.630459144,
              37.97463914
            ],
            [
              23.63046235,
              37.974453573
            ],
            [
              23.630703593,
              37.974457934
            ],
            [
              23.630695844,
              37.974641685
            ],
            [
              23.630459144,
              37.97463914
            ]
          ]
        ]
      },
      "properties": {
        "gid": 171,
        "fid": 171,
        "bid": 146,
        "d_e": "ΚΕΡΑΤΣΙΝΙ",
        "onomasia": "ΠΡΑΣΙΝΟ",
        "fek_gps": "ΦΕΚ 142ΑΑΠ/05-05-2014",
        "fek": "../data/FEK/FEK_2014_142_AAP.pdf|../data/gps/gps_keratsini_orsa.jpg",
        "area_sqm": 430.21,
        "source_file": "ydom_pol_chriseis_gis.shp"
      }
    },
    {
      "type": "Feature",
      "geometry": {
        "type": "Polygon",
        "coordinates": [
          [
            [
              23.609166743,
              37.954031883
            ],
            [
              23.609353096,
              37.95421133
            ],
            [
              23.608991175,
              37.95445086
            ],
            [
              23.610680578,
              37.955984322
            ],
            [
              23.610938043,
              37.955811049
            ],
            [
              23.611114332,
              37.95596669
            ],
            [
              23.611810771,
              37.956556499
            ],
            [
              23.613267422,
              37.955628905
            ],
            [
              23.613985537,
              37.956334386
            ],
            [
              23.614084276,
              37.95626908
            ],
            [
              23.614303482,
              37.956472924
            ],
            [
              23.615561701,
              37.95667648
            ],
            [
              23.615255543,
              37.95771994
            ],
            [
              23.614703469,
              37.959405314
            ],
            [
              23.614202505,
              37.959660356
            ],
            [
              23.613114101,
              37.960232464
            ],
            [
              23.612673038,
              37.960529434
            ],
            [
              23.612287821,
              37.960878381
            ],
            [
              23.612165908,
              37.961008903
            ],
            [
              23.611882111,
              37.961370662
            ],
            [
              23.611392974,
              37.961691443
            ],
            [
              23.610927096,
              37.961894078
            ],
            [
              23.611188904,
              37.962980005
            ],
            [
              23.611513418,
              37.963424693
            ],
            [
              23.612504152,
              37.963959889
            ],
            [
              23.612263774,
              37.964475979
            ],
            [
              23.611513625,
              37.965125275
            ],
            [
              23.610801137,
              37.965342946
            ],
            [
              23.609991158,
              37.965472639
            ],
            [
              23.609431695,
              37.965529083
            ],
            [
              23.608928674,
              37.965405251
            ],
            [
              23.608484819,
              37.965219863
            ],
            [
              23.608753226,
              37.964408805
            ],
            [
              23.608732405,
              37.964094458
            ],
            [
              23.608435883,
              37.963315366
            ],
            [
              23.608421317,
              37.962912232
            ],
            [
              23.608616435,
              37.962296717
            ],
            [
              23.608616435,
              37.962296717
            ],
            [
              23.607195673,
              37.962376401
            ],
            [
              23.603118062,
              37.958842419
            ],
            [
              23.604675138,
              37.958538038
            ],
            [
              23.606846867,
              37.960402154
            ],
            [
              23.607185464,
              37.960098651
            ],
            [
              23.608465309,
              37.959657996
            ],
            [
              23.610975053,
              37.958652416
            ],
            [
              23.613151705,
              37.959048753
            ],
            [
              23.613433777,
              37.958018098
            ],
            [
              23.611859945,
              37.957753244
            ],
            [
              23.611776274,
              37.957609895
            ],
            [
              23.613584822,
              37.956908853
            ],
            [
              23.613512033,
              37.956790262
            ],
            [
              23.612268063,
              37.956589279
            ],
            [
              23.609613076,
              37.957635089
            ],
            [
              23.609016225,
              37.956684087
            ],
            [
              23.610524367,
              37.95609201
            ],
            [
              23.610375791,
              37.95598094
            ],
            [
              23.609983141,
              37.955987516
            ],
            [
              23.608652283,
              37.954630602
            ],
            [
              23.606024192,
              37.95562463
            ],
            [
              23.606339845,
              37.956173466
            ],
            [
              23.605727133,
              37.956421458
            ],
            [
              23.60539015,
              37.955859351
            ],
            [
              23.603600189,
              37.95655658
            ],
            [
              23.603577224,
              37.956517493
            ],
            [
              23.604890521,
              37.956014427
            ],
            [
              23.604709824,
              37.955880973
            ],
            [
              23.604456139,
              37.955820556
            ],
            [
              23.604289416,
              37.955846391
            ],
            [
              23.604012754,
              37.955858801
            ],
            [
              23.603101808,
              37.95544495
            ],
            [
              23.603023075,
              37.955328123
            ],
            [
              23.60782563,
              37.953518114
            ],
            [
              23.608279274,
              37.953788428
            ],
            [
              23.608594188,
              37.953537443
            ],
            [
              23.609166743,
              37.954031883
            ]
          ]
        ]
      },
      "properties": {
        "gid": 172,
        "fid": 172,
        "bid": 162,
        "d_e": "ΚΕΡΑΤΣΙΝΙ",
        "onomasia": "ΟΛΠ",
        "fek_gps": "ΦΕΚ 142ΑΑΠ/05-05-2014",
        "fek": "../data/FEK/FEK_2014_142_AAP.pdf|../data/gps/gps_keratsini_orsa.jpg",
        "area_sqm": 489129.94,
        "source_file": "ydom_pol_chriseis_gis.shp"
      }
    },
    {
      "type": "Feature",
      "geometry": {
        "type": "Polygon",
        "coordinates": [
          [
            [
              23.617620626,
              37.950200313
            ],
            [
              23.615940183,
              37.950192217
            ],
            [
              23.611228074,
              37.950112133
            ],
            [
              23.61118345,
              37.950087116
            ],
            [
              23.611173933,
              37.949892574
            ],
            [
              23.611125842,
              37.949066095
            ],
            [
              23.610914749,
              37.947716885
            ],
            [
              23.612212596,
              37.947830892
            ],
            [
              23.613260745,
              37.948489571
            ],
            [
              23.613541109,
              37.948506352
            ],
            [
              23.613483457,
              37.948017936
            ],
            [
              23.613625123,
              37.947998904
            ],
            [
              23.613830618,
              37.947950419
            ],
            [
              23.614562491,
              37.948059677
            ],
            [
              23.614619632,
              37.947949391
            ],
            [
              23.615076227,
              37.94832067
            ],
            [
              23.615272519,
              37.948550168
            ],
            [
              23.615857281,
              37.948970981
            ],
            [
              23.616603876,
              37.949075095
            ],
            [
              23.617620626,
              37.950200313
            ]
          ]
        ]
      },
      "properties": {
        "gid": 173,
        "fid": 173,
        "bid": 170,
        "d_e": "ΚΕΡΑΤΣΙΝΙ",
        "onomasia": "ΠΕΡΙΟΧΗ ΜΗΤΡΟΠΟΛΙΤΙΚΗΣ ΠΑΡΕΜΒΑΣΗΣ",
        "fek_gps": "ΦΕΚ 142ΑΑΠ/05-05-2014",
        "fek": "../data/FEK/FEK_2014_142_AAP.pdf|../data/gps/gps_keratsini_orsa.jpg",
        "area_sqm": 107998.85,
        "source_file": "ydom_pol_chriseis_gis.shp"
      }
    },
    {
      "type": "Feature",
      "geometry": {
        "type": "Polygon",
        "coordinates": [
          [
            [
              23.632050004,
              37.964164778
            ],
            [
              23.63209276,
              37.964839874
            ],
            [
              23.631073029,
              37.96463859
            ],
            [
              23.630413959,
              37.964530778
            ],
            [
              23.629148013,
              37.964560957
            ],
            [
              23.628344489,
              37.964813182
            ],
            [
              23.625807654,
              37.96560944
            ],
            [
              23.624962768,
              37.965451704
            ],
            [
              23.624737995,
              37.965136676
            ],
            [
              23.624337752,
              37.965017064
            ],
            [
              23.623997805,
              37.965064388
            ],
            [
              23.623728344,
              37.965278679
            ],
            [
              23.623713574,
              37.965338909
            ],
            [
              23.623349896,
              37.965270584
            ],
            [
              23.62331068,
              37.965392117
            ],
            [
              23.623683953,
              37.965459708
            ],
            [
              23.623684938,
              37.96558951
            ],
            [
              23.623813874,
              37.965826248
            ],
            [
              23.624006857,
              37.965953939
            ],
            [
              23.623931926,
              37.966158767
            ],
            [
              23.624063642,
              37.966183248
            ],
            [
              23.623901041,
              37.966351698
            ],
            [
              23.623341001,
              37.9665679
            ],
            [
              23.623041039,
              37.967360827
            ],
            [
              23.623093485,
              37.96755296
            ],
            [
              23.622358933,
              37.96974193
            ],
            [
              23.622547691,
              37.969801101
            ],
            [
              23.623141497,
              37.970622922
            ],
            [
              23.623897301,
              37.973127387
            ],
            [
              23.624775633,
              37.972969137
            ],
            [
              23.624968268,
              37.973884023
            ],
            [
              23.625564756,
              37.973785061
            ],
            [
              23.625794642,
              37.974651259
            ],
            [
              23.625929982,
              37.974710255
            ],
            [
              23.626271344,
              37.974669043
            ],
            [
              23.626295606,
              37.974782496
            ],
            [
              23.626194603,
              37.974889869
            ],
            [
              23.626438,
              37.975037233
            ],
            [
              23.627656834,
              37.975770827
            ],
            [
              23.62795405,
              37.975949712
            ],
            [
              23.627890337,
              37.976235403
            ],
            [
              23.627470862,
              37.976699753
            ],
            [
              23.627825526,
              37.977013334
            ],
            [
              23.628252256,
              37.976347688
            ],
            [
              23.628782372,
              37.976372137
            ],
            [
              23.628707465,
              37.977370767
            ],
            [
              23.62921529,
              37.977404844
            ],
            [
              23.631662456,
              37.977565766
            ],
            [
              23.631645555,
              37.977887704
            ],
            [
              23.63021236,
              37.977837058
            ],
            [
              23.629472327,
              37.977792876
            ],
            [
              23.62943033,
              37.978190179
            ],
            [
              23.629243637,
              37.978184443
            ],
            [
              23.628701194,
              37.978156703
            ],
            [
              23.627716962,
              37.977704591
            ],
            [
              23.625464561,
              37.975670871
            ],
            [
              23.625927085,
              37.975356493
            ],
            [
              23.625427929,
              37.974878173
            ],
            [
              23.624957423,
              37.975215715
            ],
            [
              23.621849509,
              37.972454031
            ],
            [
              23.621971759,
              37.972221938
            ],
            [
              23.621717535,
              37.972101786
            ],
            [
              23.620789624,
              37.971702066
            ],
            [
              23.616832117,
              37.969867422
            ],
            [
              23.616592285,
              37.970146454
            ],
            [
              23.615427636,
              37.969648099
            ],
            [
              23.615386808,
              37.969595908
            ],
            [
              23.614270678,
              37.969253875
            ],
            [
              23.614373706,
              37.968414774
            ],
            [
              23.615949352,
              37.968907974
            ],
            [
              23.616731855,
              37.968598177
            ],
            [
              23.616437738,
              37.968252333
            ],
            [
              23.617562243,
              37.967771202
            ],
            [
              23.617279949,
              37.967523007
            ],
            [
              23.617024904,
              37.967567728
            ],
            [
              23.614545142,
              37.96706833
            ],
            [
              23.614619261,
              37.966406465
            ],
            [
              23.614068556,
              37.966384627
            ],
            [
              23.614161373,
              37.965422908
            ],
            [
              23.614267583,
              37.965464927
            ],
            [
              23.614635679,
              37.965171151
            ],
            [
              23.613554945,
              37.964193263
            ],
            [
              23.614072738,
              37.963848565
            ],
            [
              23.614527545,
              37.963545793
            ],
            [
              23.620014431,
              37.964212705
            ],
            [
              23.619752669,
              37.964635284
            ],
            [
              23.618680049,
              37.964508597
            ],
            [
              23.618539999,
              37.964492071
            ],
            [
              23.618211306,
              37.964453487
            ],
            [
              23.618092696,
              37.964439221
            ],
            [
              23.615385408,
              37.964119404
            ],
            [
              23.615364908,
              37.964229751
            ],
            [
              23.620109048,
              37.968440139
            ],
            [
              23.620375986,
              37.968683743
            ],
            [
              23.620837407,
              37.969126397
            ],
            [
              23.621605399,
              37.968618046
            ],
            [
              23.620848434,
              37.967941107
            ],
            [
              23.622058583,
              37.965324036
            ],
            [
              23.621159769,
              37.964927303
            ],
            [
              23.621539624,
              37.964398157
            ],
            [
              23.623426685,
              37.964627581
            ],
            [
              23.624696001,
              37.964458857
            ],
            [
              23.624804935,
              37.964444376
            ],
            [
              23.625759389,
              37.964317494
            ],
            [
              23.625884421,
              37.964300872
            ],
            [
              23.628536018,
              37.963945499
            ],
            [
              23.629248192,
              37.963848757
            ],
            [
              23.629784283,
              37.963863053
            ],
            [
              23.632050004,
              37.964164778
            ]
          ],
          [
            [
              23.628136024,
              37.977875812
            ],
            [
              23.628623811,
              37.978096277
            ],
            [
              23.628668923,
              37.977737075
            ],
            [
              23.628324922,
              37.977534755
            ],
            [
              23.628136024,
              37.977875812
            ]
          ],
          [
            [
              23.62865431,
              37.977587762
            ],
            [
              23.628715664,
              37.977608964
            ],
            [
              23.628726506,
              37.977397814
            ],
            [
              23.628391308,
              37.977389016
            ],
            [
              23.628363338,
              37.977395562
            ],
            [
              23.628530327,
              37.97752103
            ],
            [
              23.62865431,
              37.977587762
            ]
          ],
          [
            [
              23.622212101,
              37.971038227
            ],
            [
              23.622359132,
              37.971237721
            ],
            [
              23.623248305,
              37.971070297
            ],
            [
              23.623108035,
              37.970640845
            ],
            [
              23.622212101,
              37.971038227
            ]
          ],
          [
            [
              23.622794086,
              37.972490743
            ],
            [
              23.622911807,
              37.972413723
            ],
            [
              23.622480815,
              37.972023142
            ],
            [
              23.622357519,
              37.972097933
            ],
            [
              23.622794086,
              37.972490743
            ]
          ],
          [
            [
              23.621262075,
              37.969150009
            ],
            [
              23.621451834,
              37.969300467
            ],
            [
              23.621554324,
              37.969227352
            ],
            [
              23.621370156,
              37.969079377
            ],
            [
              23.621262075,
              37.969150009
            ]
          ],
          [
            [
              23.621545001,
              37.970524647
            ],
            [
              23.622088009,
              37.971001565
            ],
            [
              23.622180334,
              37.970968343
            ],
            [
              23.621656791,
              37.970158336
            ],
            [
              23.621545001,
              37.970524647
            ]
          ]
        ]
      },
      "properties": {
        "gid": 174,
        "fid": 174,
        "bid": 42,
        "d_e": "ΚΕΡΑΤΣΙΝΙ",
        "onomasia": "ΓΕΝΙΚΗ ΚΑΤΟΙΚΙΑ Α",
        "fek_gps": "ΦΕΚ 142ΑΑΠ/05-05-2014",
        "fek": "../data/FEK/FEK_2014_142_AAP.pdf|../data/gps/gps_keratsini_orsa.jpg",
        "area_sqm": 570859.31,
        "source_file": "ydom_pol_chriseis_gis.shp"
      }
    },
    {
      "type": "Feature",
      "geometry": {
        "type": "Polygon",
        "coordinates": [
          [
            [
              23.626734171,
              37.967784595
            ],
            [
              23.626133522,
              37.967775874
            ],
            [
              23.626140366,
              37.967457414
            ],
            [
              23.62618026,
              37.967456739
            ],
            [
              23.626204568,
              37.967442531
            ],
            [
              23.626281692,
              37.967441128
            ],
            [
              23.626291124,
              37.967454865
            ],
            [
              23.626555276,
              37.967450398
            ],
            [
              23.626792754,
              37.967157689
            ],
            [
              23.626992451,
              37.967141469
            ],
            [
              23.627227927,
              37.966948725
            ],
            [
              23.627229818,
              37.966507643
            ],
            [
              23.627240604,
              37.966430783
            ],
            [
              23.627338981,
              37.966386428
            ],
            [
              23.627461512,
              37.966172991
            ],
            [
              23.6272805,
              37.96574806
            ],
            [
              23.627312169,
              37.965723683
            ],
            [
              23.627518187,
              37.965878468
            ],
            [
              23.627809597,
              37.965940197
            ],
            [
              23.628261395,
              37.965595318
            ],
            [
              23.62842675,
              37.965472444
            ],
            [
              23.628748752,
              37.965698414
            ],
            [
              23.628567076,
              37.965821075
            ],
            [
              23.628425208,
              37.965952774
            ],
            [
              23.628066489,
              37.966021394
            ],
            [
              23.627873242,
              37.966214118
            ],
            [
              23.627920838,
              37.966428512
            ],
            [
              23.62757732,
              37.966724087
            ],
            [
              23.627341771,
              37.966949086
            ],
            [
              23.627183851,
              37.967201074
            ],
            [
              23.627021888,
              37.967412342
            ],
            [
              23.626734171,
              37.967784595
            ],
            [
              23.626734171,
              37.967784595
            ]
          ]
        ]
      },
      "properties": {
        "gid": 175,
        "fid": 175,
        "bid": 53,
        "d_e": "ΚΕΡΑΤΣΙΝΙ",
        "onomasia": "ΠΡΑΣΙΝΟ",
        "fek_gps": "ΦΕΚ 142ΑΑΠ/05-05-2014",
        "fek": "../data/FEK/FEK_2014_142_AAP.pdf|../data/gps/gps_keratsini_orsa.jpg",
        "area_sqm": 11243.44,
        "source_file": "ydom_pol_chriseis_gis.shp"
      }
    },
    {
      "type": "Feature",
      "geometry": {
        "type": "Polygon",
        "coordinates": [
          [
            [
              23.61442449,
              37.962134514
            ],
            [
              23.61467797,
              37.962113539
            ],
            [
              23.614684252,
              37.962256307
            ],
            [
              23.61442449,
              37.962134514
            ]
          ]
        ]
      },
      "properties": {
        "gid": 176,
        "fid": 176,
        "bid": 47,
        "d_e": "ΚΕΡΑΤΣΙΝΙ",
        "onomasia": "ΠΡΑΣΙΝΟ",
        "fek_gps": "ΦΕΚ 142ΑΑΠ/05-05-2014",
        "fek": "../data/FEK/FEK_2014_142_AAP.pdf|../data/gps/gps_keratsini_orsa.jpg",
        "area_sqm": 177.0,
        "source_file": "ydom_pol_chriseis_gis.shp"
      }
    },
    {
      "type": "Feature",
      "geometry": {
        "type": "Polygon",
        "coordinates": [
          [
            [
              23.615196107,
              37.962482936
            ],
            [
              23.615667826,
              37.962466963
            ],
            [
              23.615721599,
              37.962723411
            ],
            [
              23.615196107,
              37.962482936
            ]
          ]
        ]
      },
      "properties": {
        "gid": 177,
        "fid": 177,
        "bid": 48,
        "d_e": "ΚΕΡΑΤΣΙΝΙ",
        "onomasia": "ΠΡΑΣΙΝΟ",
        "fek_gps": "ΦΕΚ 142ΑΑΠ/05-05-2014",
        "fek": "../data/FEK/FEK_2014_142_AAP.pdf|../data/gps/gps_keratsini_orsa.jpg",
        "area_sqm": 593.71,
        "source_file": "ydom_pol_chriseis_gis.shp"
      }
    },
    {
      "type": "Feature",
      "geometry": {
        "type": "Polygon",
        "coordinates": [
          [
            [
              23.613555616,
              37.962043975
            ],
            [
              23.613677571,
              37.9620202
            ],
            [
              23.61374406,
              37.961788668
            ],
            [
              23.613909133,
              37.961876549
            ],
            [
              23.613846136,
              37.961666588
            ],
            [
              23.613891753,
              37.961495807
            ],
            [
              23.614020179,
              37.961363062
            ],
            [
              23.614185429,
              37.961345684
            ],
            [
              23.613986333,
              37.961926804
            ],
            [
              23.614238756,
              37.962052566
            ],
            [
              23.613723443,
              37.96262516
            ],
            [
              23.613521479,
              37.962515348
            ],
            [
              23.613646771,
              37.962122324
            ],
            [
              23.613555616,
              37.962043975
            ]
          ]
        ]
      },
      "properties": {
        "gid": 178,
        "fid": 178,
        "bid": 49,
        "d_e": "ΚΕΡΑΤΣΙΝΙ",
        "onomasia": "ΠΡΑΣΙΝΟ",
        "fek_gps": "ΦΕΚ 142ΑΑΠ/05-05-2014",
        "fek": "../data/FEK/FEK_2014_142_AAP.pdf|../data/gps/gps_keratsini_orsa.jpg",
        "area_sqm": 3921.63,
        "source_file": "ydom_pol_chriseis_gis.shp"
      }
    },
    {
      "type": "Feature",
      "geometry": {
        "type": "Polygon",
        "coordinates": [
          [
            [
              23.615721599,
              37.962723411
            ],
            [
              23.616156195,
              37.962947458
            ],
            [
              23.616136581,
              37.963009365
            ],
            [
              23.615708858,
              37.962948326
            ],
            [
              23.615721599,
              37.962723411
            ]
          ]
        ]
      },
      "properties": {
        "gid": 179,
        "fid": 179,
        "bid": 50,
        "d_e": "ΚΕΡΑΤΣΙΝΙ",
        "onomasia": "ΠΡΑΣΙΝΟ",
        "fek_gps": "ΦΕΚ 142ΑΑΠ/05-05-2014",
        "fek": "../data/FEK/FEK_2014_142_AAP.pdf|../data/gps/gps_keratsini_orsa.jpg",
        "area_sqm": 625.13,
        "source_file": "ydom_pol_chriseis_gis.shp"
      }
    },
    {
      "type": "Feature",
      "geometry": {
        "type": "Polygon",
        "coordinates": [
          [
            [
              23.630832782,
              37.971925396
            ],
            [
              23.6298615,
              37.971877198
            ],
            [
              23.629864058,
              37.971407635
            ],
            [
              23.629832033,
              37.971199704
            ],
            [
              23.628945445,
              37.971195371
            ],
            [
              23.628936142,
              37.970640634
            ],
            [
              23.629937751,
              37.970992423
            ],
            [
              23.6308374,
              37.971799383
            ],
            [
              23.630832782,
              37.971925396
            ]
          ]
        ]
      },
      "properties": {
        "gid": 180,
        "fid": 180,
        "bid": 51,
        "d_e": "ΚΕΡΑΤΣΙΝΙ",
        "onomasia": "ΠΡΑΣΙΝΟ",
        "fek_gps": "ΦΕΚ 142ΑΑΠ/05-05-2014",
        "fek": "../data/FEK/FEK_2014_142_AAP.pdf|../data/gps/gps_keratsini_orsa.jpg",
        "area_sqm": 8667.94,
        "source_file": "ydom_pol_chriseis_gis.shp"
      }
    },
    {
      "type": "Feature",
      "geometry": {
        "type": "Polygon",
        "coordinates": [
          [
            [
              23.628503481,
              37.970495178
            ],
            [
              23.628425851,
              37.970467882
            ],
            [
              23.627617383,
              37.970621622
            ],
            [
              23.627516906,
              37.969562634
            ],
            [
              23.628406572,
              37.969585071
            ],
            [
              23.628406582,
              37.969589302
            ],
            [
              23.628503481,
              37.970495178
            ]
          ]
        ]
      },
      "properties": {
        "gid": 181,
        "fid": 181,
        "bid": 52,
        "d_e": "ΚΕΡΑΤΣΙΝΙ",
        "onomasia": "ΠΡΑΣΙΝΟ",
        "fek_gps": "ΦΕΚ 142ΑΑΠ/05-05-2014",
        "fek": "../data/FEK/FEK_2014_142_AAP.pdf|../data/gps/gps_keratsini_orsa.jpg",
        "area_sqm": 8401.58,
        "source_file": "ydom_pol_chriseis_gis.shp"
      }
    },
    {
      "type": "Feature",
      "geometry": {
        "type": "Polygon",
        "coordinates": [
          [
            [
              23.632039278,
              37.969438942
            ],
            [
              23.632020827,
              37.969448597
            ],
            [
              23.631345411,
              37.969734774
            ],
            [
              23.630703312,
              37.969879057
            ],
            [
              23.630650102,
              37.969650839
            ],
            [
              23.630830371,
              37.969470685
            ],
            [
              23.631070966,
              37.969183148
            ],
            [
              23.631093762,
              37.968972379
            ],
            [
              23.631110649,
              37.968856255
            ],
            [
              23.631421641,
              37.968620573
            ],
            [
              23.631794995,
              37.968957365
            ],
            [
              23.632059168,
              37.968896847
            ],
            [
              23.632039278,
              37.969438942
            ]
          ]
        ]
      },
      "properties": {
        "gid": 182,
        "fid": 182,
        "bid": 117,
        "d_e": "ΚΕΡΑΤΣΙΝΙ",
        "onomasia": "ΕΙΔΙΚΕΣ ΧΡΗΣΕΙΣ",
        "fek_gps": "ΦΕΚ 142ΑΑΠ/05-05-2014",
        "fek": "../data/FEK/FEK_2014_142_AAP.pdf|../data/gps/gps_keratsini_orsa.jpg",
        "area_sqm": 9446.58,
        "source_file": "ydom_pol_chriseis_gis.shp"
      }
    },
    {
      "type": "Feature",
      "geometry": {
        "type": "Polygon",
        "coordinates": [
          [
            [
              23.617011507,
              37.950906964
            ],
            [
              23.617011866,
              37.950612475
            ],
            [
              23.617579049,
              37.950618024
            ],
            [
              23.617570515,
              37.950910634
            ],
            [
              23.617011507,
              37.950906964
            ]
          ]
        ]
      },
      "properties": {
        "gid": 183,
        "fid": 183,
        "bid": 105,
        "d_e": "ΚΕΡΑΤΣΙΝΙ",
        "onomasia": "ΠΡΟΝΟΙΑ",
        "fek_gps": "ΦΕΚ 142ΑΑΠ/05-05-2014",
        "fek": "../data/FEK/FEK_2014_142_AAP.pdf|../data/gps/gps_keratsini_orsa.jpg",
        "area_sqm": 1611.53,
        "source_file": "ydom_pol_chriseis_gis.shp"
      }
    },
    {
      "type": "Feature",
      "geometry": {
        "type": "Polygon",
        "coordinates": [
          [
            [
              23.620911591,
              37.962816429
            ],
            [
              23.620965522,
              37.962545601
            ],
            [
              23.621369663,
              37.96259354
            ],
            [
              23.621347743,
              37.962831699
            ],
            [
              23.620911591,
              37.962816429
            ]
          ]
        ]
      },
      "properties": {
        "gid": 184,
        "fid": 184,
        "bid": 167,
        "d_e": "ΚΕΡΑΤΣΙΝΙ",
        "onomasia": "ΠΡΑΣΙΝΟ",
        "fek_gps": "ΦΕΚ 142ΑΑΠ/05-05-2014",
        "fek": "../data/FEK/FEK_2014_142_AAP.pdf|../data/gps/gps_keratsini_orsa.jpg",
        "area_sqm": 1053.83,
        "source_file": "ydom_pol_chriseis_gis.shp"
      }
    },
    {
      "type": "Feature",
      "geometry": {
        "type": "Polygon",
        "coordinates": [
          [
            [
              23.62246714,
              37.959204575
            ],
            [
              23.622475165,
              37.958912781
            ],
            [
              23.62272039,
              37.958907813
            ],
            [
              23.622699988,
              37.95916361
            ],
            [
              23.62267831,
              37.959201281
            ],
            [
              23.62246714,
              37.959204575
            ]
          ]
        ]
      },
      "properties": {
        "gid": 185,
        "fid": 185,
        "bid": 168,
        "d_e": "ΚΕΡΑΤΣΙΝΙ",
        "onomasia": "ΑΘΛΗΤΙΣΜΟΣ",
        "fek_gps": "ΦΕΚ 142ΑΑΠ/05-05-2014",
        "fek": "../data/FEK/FEK_2014_142_AAP.pdf|../data/gps/gps_keratsini_orsa.jpg",
        "area_sqm": 673.15,
        "source_file": "ydom_pol_chriseis_gis.shp"
      }
    },
    {
      "type": "Feature",
      "geometry": {
        "type": "Polygon",
        "coordinates": [
          [
            [
              23.622475165,
              37.958912781
            ],
            [
              23.622492798,
              37.958271554
            ],
            [
              23.622769747,
              37.958288991
            ],
            [
              23.62272039,
              37.958907813
            ],
            [
              23.622475165,
              37.958912781
            ]
          ]
        ]
      },
      "properties": {
        "gid": 186,
        "fid": 186,
        "bid": 169,
        "d_e": "ΚΕΡΑΤΣΙΝΙ",
        "onomasia": "ΠΡΑΣΙΝΟ",
        "fek_gps": "ΦΕΚ 142ΑΑΠ/05-05-2014",
        "fek": "../data/FEK/FEK_2014_142_AAP.pdf|../data/gps/gps_keratsini_orsa.jpg",
        "area_sqm": 1605.34,
        "source_file": "ydom_pol_chriseis_gis.shp"
      }
    },
    {
      "type": "Feature",
      "geometry": {
        "type": "Polygon",
        "coordinates": [
          [
            [
              23.609037974,
              37.953188417
            ],
            [
              23.60909825,
              37.953210824
            ],
            [
              23.609247129,
              37.953217756
            ],
            [
              23.609258064,
              37.953234391
            ],
            [
              23.609133303,
              37.953227341
            ],
            [
              23.609056517,
              37.953211415
            ],
            [
              23.608938594,
              37.953174519
            ],
            [
              23.608901007,
              37.953104856
            ],
            [
              23.608882095,
              37.953057553
            ],
            [
              23.608855452,
              37.953034749
            ],
            [
              23.608449163,
              37.952991632
            ],
            [
              23.608162472,
              37.952974827
            ],
            [
              23.607995867,
              37.953012138
            ],
            [
              23.606971944,
              37.949148388
            ],
            [
              23.597790628,
              37.94903942
            ],
            [
              23.597784073,
              37.948846816
            ],
            [
              23.607034171,
              37.948941584
            ],
            [
              23.60707784,
              37.948761191
            ],
            [
              23.607037423,
              37.948190712
            ],
            [
              23.606880738,
              37.947774708
            ],
            [
              23.607101511,
              37.947602954
            ],
            [
              23.60668844,
              37.94717956
            ],
            [
              23.606203818,
              37.947502229
            ],
            [
              23.606129821,
              37.947431841
            ],
            [
              23.606740999,
              37.947038512
            ],
            [
              23.607274055,
              37.947531861
            ],
            [
              23.607406377,
              37.9474511
            ],
            [
              23.607732579,
              37.947428378
            ],
            [
              23.608102334,
              37.947218686
            ],
            [
              23.6089304,
              37.94701443
            ],
            [
              23.609371634,
              37.946907485
            ],
            [
              23.609811385,
              37.946828948
            ],
            [
              23.61020161,
              37.94683824
            ],
            [
              23.610870718,
              37.946969449
            ],
            [
              23.611136019,
              37.947117708
            ],
            [
              23.611650714,
              37.947191871
            ],
            [
              23.612021109,
              37.947285829
            ],
            [
              23.61224272,
              37.947417931
            ],
            [
              23.612591876,
              37.947874703
            ],
            [
              23.612791886,
              37.947671129
            ],
            [
              23.612839111,
              37.947731084
            ],
            [
              23.612671806,
              37.947915238
            ],
            [
              23.612896174,
              37.947926701
            ],
            [
              23.613439005,
              37.947834668
            ],
            [
              23.613352178,
              37.947544498
            ],
            [
              23.613377349,
              37.947509984
            ],
            [
              23.614583224,
              37.947712165
            ],
            [
              23.61530352,
              37.948196744
            ],
            [
              23.615875282,
              37.948841292
            ],
            [
              23.616338472,
              37.948888042
            ],
            [
              23.616325646,
              37.94896985
            ],
            [
              23.616587825,
              37.949030392
            ],
            [
              23.616603876,
              37.949075095
            ],
            [
              23.615857281,
              37.948970981
            ],
            [
              23.615272519,
              37.948550168
            ],
            [
              23.615076227,
              37.94832067
            ],
            [
              23.614619632,
              37.947949391
            ],
            [
              23.614562491,
              37.948059677
            ],
            [
              23.613830618,
              37.947950419
            ],
            [
              23.613625123,
              37.947998904
            ],
            [
              23.613483457,
              37.948017936
            ],
            [
              23.613541109,
              37.948506352
            ],
            [
              23.613260745,
              37.948489571
            ],
            [
              23.612212596,
              37.947830892
            ],
            [
              23.610914749,
              37.947716885
            ],
            [
              23.610981647,
              37.947347723
            ],
            [
              23.610589651,
              37.947117762
            ],
            [
              23.610124477,
              37.94697128
            ],
            [
              23.609724477,
              37.947011911
            ],
            [
              23.609308949,
              37.947503262
            ],
            [
              23.608633263,
              37.947470803
            ],
            [
              23.608199372,
              37.948184122
            ],
            [
              23.607736875,
              37.948210758
            ],
            [
              23.607593898,
              37.948461541
            ],
            [
              23.60798316,
              37.949145942
            ],
            [
              23.611125842,
              37.949066095
            ],
            [
              23.611173933,
              37.949892574
            ],
            [
              23.610793385,
              37.949882125
            ],
            [
              23.610562356,
              37.949781345
            ],
            [
              23.609918567,
              37.949743049
            ],
            [
              23.610134568,
              37.950122803
            ],
            [
              23.610884839,
              37.951112944
            ],
            [
              23.60986882,
              37.951113052
            ],
            [
              23.610095349,
              37.952065804
            ],
            [
              23.611236729,
              37.952081619
            ],
            [
              23.611339825,
              37.952643695
            ],
            [
              23.611167485,
              37.952584253
            ],
            [
              23.610484046,
              37.952553538
            ],
            [
              23.610185233,
              37.952498833
            ],
            [
              23.609783962,
              37.952255997
            ],
            [
              23.609691218,
              37.952241851
            ],
            [
              23.609288335,
              37.952628633
            ],
            [
              23.609070165,
              37.953006925
            ],
            [
              23.609037974,
              37.953188417
            ]
          ]
        ]
      },
      "properties": {
        "gid": 188,
        "fid": 188,
        "bid": 161,
        "d_e": "ΚΕΡΑΤΣΙΝΙ",
        "onomasia": "ΟΛΠ",
        "fek_gps": "ΦΕΚ 142ΑΑΠ/05-05-2014",
        "fek": "../data/FEK/FEK_2014_142_AAP.pdf|../data/gps/gps_keratsini_orsa.jpg",
        "area_sqm": 176070.34,
        "source_file": "ydom_pol_chriseis_gis.shp"
      }
    },
    {
      "type": "Feature",
      "geometry": {
        "type": "Polygon",
        "coordinates": [
          [
            [
              23.625013966,
              37.950695794
            ],
            [
              23.62501899,
              37.950304261
            ],
            [
              23.625783404,
              37.950313901
            ],
            [
              23.625769284,
              37.950705405
            ],
            [
              23.625013966,
              37.950695794
            ]
          ]
        ]
      },
      "properties": {
        "gid": 189,
        "fid": 189,
        "bid": 178,
        "d_e": "ΔΡΑΠΕΤΣΩΝΑ",
        "onomasia": "ΑΣΤΙΚΟ ΠΡΑΣΙΝΟ - ΕΛΕΥΘΕΡΟΙ ΧΩΡΟΙ",
        "fek_gps": "ΦΕΚ 207Δ/30-04-1991",
        "fek": "../data/FEK/FEK_1991_207_D.pdf|../data/gps/gps_drapetsonas_orsa.jpg",
        "area_sqm": 2900.98,
        "source_file": "ydom_pol_chriseis_gis.shp"
      }
    },
    {
      "type": "Feature",
      "geometry": {
        "type": "Polygon",
        "coordinates": [
          [
            [
              23.621643711,
              37.947221198
            ],
            [
              23.619201367,
              37.947559412
            ],
            [
              23.619201006,
              37.946375194
            ],
            [
              23.619183809,
              37.946267074
            ],
            [
              23.619148059,
              37.945563863
            ],
            [
              23.621500874,
              37.945529274
            ],
            [
              23.621560087,
              37.945748465
            ],
            [
              23.621597841,
              37.94641355
            ],
            [
              23.621631185,
              37.947000943
            ],
            [
              23.621643711,
              37.947221198
            ]
          ]
        ]
      },
      "properties": {
        "gid": 190,
        "fid": 190,
        "bid": 180,
        "d_e": "ΔΡΑΠΕΤΣΩΝΑ",
        "onomasia": "ΑΘΛΗΤΙΣΜΟΣ",
        "fek_gps": "ΦΕΚ 207Δ/30-04-1991",
        "fek": "../data/FEK/FEK_1991_207_D.pdf|../data/gps/gps_drapetsonas_orsa.jpg",
        "area_sqm": 43343.65,
        "source_file": "ydom_pol_chriseis_gis.shp"
      }
    },
    {
      "type": "Feature",
      "geometry": {
        "type": "Polygon",
        "coordinates": [
          [
            [
              23.62057386,
              37.955403018
            ],
            [
              23.620583315,
              37.95506167
            ],
            [
              23.621072204,
              37.955061213
            ],
            [
              23.621055021,
              37.955408633
            ],
            [
              23.62057386,
              37.955403018
            ]
          ]
        ]
      },
      "properties": {
        "gid": 191,
        "fid": 191,
        "bid": 163,
        "d_e": "ΚΕΡΑΤΣΙΝΙ",
        "onomasia": "ΠΡΑΣΙΝΟ",
        "fek_gps": "ΦΕΚ 142ΑΑΠ/05-05-2014",
        "fek": "../data/FEK/FEK_2014_142_AAP.pdf|../data/gps/gps_keratsini_orsa.jpg",
        "area_sqm": 1628.51,
        "source_file": "ydom_pol_chriseis_gis.shp"
      }
    },
    {
      "type": "Feature",
      "geometry": {
        "type": "Polygon",
        "coordinates": [
          [
            [
              23.621908994,
              37.956532741
            ],
            [
              23.621959209,
              37.955078595
            ],
            [
              23.62257717,
              37.955085289
            ],
            [
              23.622523799,
              37.956681635
            ],
            [
              23.621908994,
              37.956532741
            ]
          ]
        ]
      },
      "properties": {
        "gid": 192,
        "fid": 192,
        "bid": 164,
        "d_e": "ΚΕΡΑΤΣΙΝΙ",
        "onomasia": "ΓΕΝΙΚΗ ΚΑΤΟΙΚΙΑ Β",
        "fek_gps": "ΦΕΚ 142ΑΑΠ/05-05-2014",
        "fek": "../data/FEK/FEK_2014_142_AAP.pdf|../data/gps/gps_keratsini_orsa.jpg",
        "area_sqm": 9203.17,
        "source_file": "ydom_pol_chriseis_gis.shp"
      }
    },
    {
      "type": "Feature",
      "geometry": {
        "type": "Polygon",
        "coordinates": [
          [
            [
              23.621591101,
              37.954720656
            ],
            [
              23.621587222,
              37.954173669
            ],
            [
              23.622067787,
              37.954328242
            ],
            [
              23.622058081,
              37.954726289
            ],
            [
              23.621591101,
              37.954720656
            ]
          ]
        ]
      },
      "properties": {
        "gid": 193,
        "fid": 193,
        "bid": 165,
        "d_e": "ΚΕΡΑΤΣΙΝΙ",
        "onomasia": "ΕΚΠΑΙΔΕΥΣΗ",
        "fek_gps": "ΦΕΚ 142ΑΑΠ/05-05-2014",
        "fek": "../data/FEK/FEK_2014_142_AAP.pdf|../data/gps/gps_keratsini_orsa.jpg",
        "area_sqm": 2184.43,
        "source_file": "ydom_pol_chriseis_gis.shp"
      }
    },
    {
      "type": "Feature",
      "geometry": {
        "type": "Polygon",
        "coordinates": [
          [
            [
              23.626503607,
              37.960028115
            ],
            [
              23.626511344,
              37.95953182
            ],
            [
              23.626769984,
              37.959529299
            ],
            [
              23.626773724,
              37.959747461
            ],
            [
              23.626961898,
              37.959748709
            ],
            [
              23.62695661,
              37.960025498
            ],
            [
              23.626503607,
              37.960028115
            ]
          ]
        ]
      },
      "properties": {
        "gid": 194,
        "fid": 194,
        "bid": 166,
        "d_e": "ΚΕΡΑΤΣΙΝΙ",
        "onomasia": "ΔΙΟΙΚΗΣΗ",
        "fek_gps": "ΦΕΚ 142ΑΑΠ/05-05-2014",
        "fek": "../data/FEK/FEK_2014_142_AAP.pdf|../data/gps/gps_keratsini_orsa.jpg",
        "area_sqm": 1787.79,
        "source_file": "ydom_pol_chriseis_gis.shp"
      }
    },
    {
      "type": "Feature",
      "geometry": {
        "type": "Polygon",
        "coordinates": [
          [
            [
              23.633115889,
              37.950337712
            ],
            [
              23.633115518,
              37.949888493
            ],
            [
              23.633820354,
              37.949883404
            ],
            [
              23.63380635,
              37.950337156
            ],
            [
              23.633115889,
              37.950337712
            ]
          ]
        ]
      },
      "properties": {
        "gid": 195,
        "fid": 195,
        "bid": 188,
        "d_e": "ΔΡΑΠΕΤΣΩΝΑ",
        "onomasia": "ΓΕΝΙΚΗ ΚΑΤΟΙΚΙΑ|ΕΚΠΑΙΔΕΥΣΗ (ΜΕΣΗ ΕΠΑΓΓΕΛΜΑΤΙΚΗ ΣΧΟΛΗ)",
        "fek_gps": "ΦΕΚ 207Δ/30-04-1991",
        "fek": "../data/FEK/FEK_1991_207_D.pdf|../data/gps/gps_drapetsonas_orsa.jpg",
        "area_sqm": 3070.27,
        "source_file": "ydom_pol_chriseis_gis.shp"
      }
    },
    {
      "type": "Feature",
      "geometry": {
        "type": "Polygon",
        "coordinates": [
          [
            [
              23.63004437,
              37.950762108
            ],
            [
              23.630042343,
              37.950376192
            ],
            [
              23.631278614,
              37.950364385
            ],
            [
              23.631268714,
              37.950759676
            ],
            [
              23.63004437,
              37.950762108
            ]
          ]
        ]
      },
      "properties": {
        "gid": 196,
        "fid": 196,
        "bid": 189,
        "d_e": "ΔΡΑΠΕΤΣΩΝΑ",
        "onomasia": "ΓΕΝΙΚΗ ΚΑΤΟΙΚΙΑ|ΕΚΠΑΙΔΕΥΣΗ (ΑΝΩΤΕΡΑ Κ.Α.Τ.Ε.Ε.)",
        "fek_gps": "ΦΕΚ 207Δ/30-04-1991",
        "fek": "../data/FEK/FEK_1991_207_D.pdf|../data/gps/gps_drapetsonas_orsa.jpg",
        "area_sqm": 4684.29,
        "source_file": "ydom_pol_chriseis_gis.shp"
      }
    },
    {
      "type": "Feature",
      "geometry": {
        "type": "Polygon",
        "coordinates": [
          [
            [
              23.626238713,
              37.951324133
            ],
            [
              23.626253186,
              37.950732775
            ],
            [
              23.627471217,
              37.950721032
            ],
            [
              23.627454633,
              37.95134126
            ],
            [
              23.626238713,
              37.951324133
            ]
          ]
        ]
      },
      "properties": {
        "gid": 197,
        "fid": 197,
        "bid": 191,
        "d_e": "ΔΡΑΠΕΤΣΩΝΑ",
        "onomasia": "ΓΕΝΙΚΗ ΚΑΤΟΙΚΙΑ|ΕΚΠΑΙΔΕΥΣΗ (ΛΥΚΕΙΟ)",
        "fek_gps": "ΦΕΚ 207Δ/30-04-1991",
        "fek": "../data/FEK/FEK_1991_207_D.pdf|../data/gps/gps_drapetsonas_orsa.jpg",
        "area_sqm": 7187.01,
        "source_file": "ydom_pol_chriseis_gis.shp"
      }
    },
    {
      "type": "Feature",
      "geometry": {
        "type": "Polygon",
        "coordinates": [
          [
            [
              23.622963691,
              37.950987492
            ],
            [
              23.622969144,
              37.950695725
            ],
            [
              23.624019055,
              37.950711634
            ],
            [
              23.62401359,
              37.951006539
            ],
            [
              23.622963691,
              37.950987492
            ]
          ]
        ]
      },
      "properties": {
        "gid": 198,
        "fid": 198,
        "bid": 192,
        "d_e": "ΔΡΑΠΕΤΣΩΝΑ",
        "onomasia": "ΓΕΝΙΚΗ ΚΑΤΟΙΚΙΑ|ΕΚΠΑΙΔΕΥΣΗ (ΔΗΜΟΤΙΚΟ)",
        "fek_gps": "ΦΕΚ 207Δ/30-04-1991",
        "fek": "../data/FEK/FEK_1991_207_D.pdf|../data/gps/gps_drapetsonas_orsa.jpg",
        "area_sqm": 3003.09,
        "source_file": "ydom_pol_chriseis_gis.shp"
      }
    },
    {
      "type": "Feature",
      "geometry": {
        "type": "Polygon",
        "coordinates": [
          [
            [
              23.614072738,
              37.963848565
            ],
            [
              23.613554945,
              37.964193263
            ],
            [
              23.614635679,
              37.965171151
            ],
            [
              23.614267583,
              37.965464927
            ],
            [
              23.614161373,
              37.965422908
            ],
            [
              23.614161373,
              37.965422908
            ],
            [
              23.613686977,
              37.965235513
            ],
            [
              23.61366823,
              37.965421226
            ],
            [
              23.612862583,
              37.965389348
            ],
            [
              23.61284661,
              37.965551131
            ],
            [
              23.612681439,
              37.965545426
            ],
            [
              23.612712356,
              37.965201055
            ],
            [
              23.612325214,
              37.965188035
            ],
            [
              23.612197056,
              37.965277883
            ],
            [
              23.612179151,
              37.965525253
            ],
            [
              23.61188813,
              37.967916884
            ],
            [
              23.611368206,
              37.968135888
            ],
            [
              23.610929122,
              37.967987307
            ],
            [
              23.611168722,
              37.967524015
            ],
            [
              23.610886344,
              37.967395276
            ],
            [
              23.610091688,
              37.966665491
            ],
            [
              23.612172561,
              37.965154245
            ],
            [
              23.612617936,
              37.964820598
            ],
            [
              23.612925599,
              37.964414976
            ],
            [
              23.613013227,
              37.964076326
            ],
            [
              23.612971918,
              37.963655732
            ],
            [
              23.612729718,
              37.963425787
            ],
            [
              23.612809566,
              37.96335188
            ],
            [
              23.613594543,
              37.963440486
            ],
            [
              23.614527545,
              37.963545793
            ],
            [
              23.614072738,
              37.963848565
            ]
          ],
          [
            [
              23.610526048,
              37.966866192
            ],
            [
              23.610890704,
              37.967198915
            ],
            [
              23.611152283,
              37.9670106
            ],
            [
              23.61077849,
              37.966684153
            ],
            [
              23.610526048,
              37.966866192
            ]
          ],
          [
            [
              23.610799201,
              37.966640981
            ],
            [
              23.611088078,
              37.966454558
            ],
            [
              23.61093516,
              37.966321626
            ],
            [
              23.610654225,
              37.966512579
            ],
            [
              23.610799201,
              37.966640981
            ]
          ],
          [
            [
              23.611496094,
              37.966548694
            ],
            [
              23.611951073,
              37.966584428
            ],
            [
              23.611996153,
              37.966235044
            ],
            [
              23.611538919,
              37.966195699
            ],
            [
              23.611496094,
              37.966548694
            ]
          ],
          [
            [
              23.611564636,
              37.96606606
            ],
            [
              23.61192182,
              37.966088859
            ],
            [
              23.611947688,
              37.965930394
            ],
            [
              23.611585953,
              37.965907579
            ],
            [
              23.611564636,
              37.96606606
            ]
          ],
          [
            [
              23.612839195,
              37.965162081
            ],
            [
              23.613388756,
              37.965194975
            ],
            [
              23.613427112,
              37.964928119
            ],
            [
              23.612872904,
              37.964900696
            ],
            [
              23.612839195,
              37.965162081
            ]
          ]
        ]
      },
      "properties": {
        "gid": 199,
        "fid": 199,
        "bid": 200,
        "d_e": "ΚΕΡΑΤΣΙΝΙ",
        "onomasia": "ΠΡΑΣΙΝΟ",
        "fek_gps": "ΦΕΚ 142ΑΑΠ/05-05-2014",
        "fek": "../data/FEK/FEK_2014_142_AAP.pdf|../data/gps/gps_keratsini_orsa.jpg",
        "area_sqm": 51332.3,
        "source_file": "ydom_pol_chriseis_gis.shp"
      }
    },
    {
      "type": "Feature",
      "geometry": {
        "type": "Polygon",
        "coordinates": [
          [
            [
              23.62318925,
              37.962890535
            ],
            [
              23.623311244,
              37.962669375
            ],
            [
              23.623343883,
              37.962674652
            ],
            [
              23.623399296,
              37.962911035
            ],
            [
              23.62318925,
              37.962890535
            ]
          ]
        ]
      },
      "properties": {
        "gid": 200,
        "fid": 200,
        "bid": 201,
        "d_e": "ΚΕΡΑΤΣΙΝΙ",
        "onomasia": "ΠΡΑΣΙΝΟ",
        "fek_gps": "ΦΕΚ 142ΑΑΠ/05-05-2014",
        "fek": "../data/FEK/FEK_2014_142_AAP.pdf|../data/gps/gps_keratsini_orsa.jpg",
        "area_sqm": 274.74,
        "source_file": "ydom_pol_chriseis_gis.shp"
      }
    },
    {
      "type": "Feature",
      "geometry": {
        "type": "Polygon",
        "coordinates": [
          [
            [
              23.631924835,
              37.946956438
            ],
            [
              23.632088794,
              37.94667494
            ],
            [
              23.63229429,
              37.946325408
            ],
            [
              23.632333534,
              37.946127598
            ],
            [
              23.632282322,
              37.94584711
            ],
            [
              23.632421019,
              37.945853226
            ],
            [
              23.632459016,
              37.946218962
            ],
            [
              23.6325024,
              37.946938963
            ],
            [
              23.631924835,
              37.946956438
            ]
          ]
        ]
      },
      "properties": {
        "gid": 201,
        "fid": 201,
        "bid": 197,
        "d_e": "ΔΡΑΠΕΤΣΩΝΑ",
        "onomasia": "ΚΟΙΝΟΧΡΗΣΤΟ ΠΡΑΣΙΝΟ",
        "fek_gps": "Αναθεώρηση 29-05-86 (ΦΕΚ_650Δ/11-08-86)",
        "fek": "../data/FEK/FEK_1986_650_D.pdf",
        "area_sqm": 2881.6,
        "source_file": "ydom_pol_chriseis_gis.shp"
      }
    },
    {
      "type": "Feature",
      "geometry": {
        "type": "Polygon",
        "coordinates": [
          [
            [
              23.630893918,
              37.946581989
            ],
            [
              23.63117306,
              37.9461948
            ],
            [
              23.631075841,
              37.946156418
            ],
            [
              23.631114996,
              37.946125354
            ],
            [
              23.631221302,
              37.945772636
            ],
            [
              23.631148297,
              37.94556205
            ],
            [
              23.630947814,
              37.945315841
            ],
            [
              23.630853272,
              37.945285306
            ],
            [
              23.630257513,
              37.94508126
            ],
            [
              23.631438545,
              37.945167463
            ],
            [
              23.632230014,
              37.945229369
            ],
            [
              23.632282322,
              37.94584711
            ],
            [
              23.632333534,
              37.946127598
            ],
            [
              23.63229429,
              37.946325408
            ],
            [
              23.632088794,
              37.94667494
            ],
            [
              23.631525936,
              37.946599904
            ],
            [
              23.630893918,
              37.946581989
            ]
          ]
        ]
      },
      "properties": {
        "gid": 202,
        "fid": 202,
        "bid": 199,
        "d_e": "ΔΡΑΠΕΤΣΩΝΑ",
        "onomasia": "ΧΩΡΟΣ ΑΘΛΟΠΑΙΔΙΩΝ|ΧΩΡΟΣ ΓΙΑ ΤΗΝ ΑΝΕΓΕΡΣΗ ΔΗΜΟΤΙΚΟΥ ΚΟΛΥΜΒΗΤΗΡΙΟΥ ΚΑΙ ΑΝΑΨΥΚΤΗΡΙΟΥ",
        "fek_gps": "Αναθεώρηση 29-05-86 (ΦΕΚ_650Δ/11-08-86)",
        "fek": "../data/FEK/FEK_1986_650_D.pdf",
        "area_sqm": 17122.9,
        "source_file": "ydom_pol_chriseis_gis.shp"
      }
    },
    {
      "type": "Feature",
      "geometry": {
        "type": "Polygon",
        "coordinates": [
          [
            [
              23.63379437,
              37.950763812
            ],
            [
              23.633788337,
              37.951375289
            ],
            [
              23.629315667,
              37.951353085
            ],
            [
              23.629308897,
              37.950362146
            ],
            [
              23.628779838,
              37.950359024
            ],
            [
              23.628771832,
              37.950746214
            ],
            [
              23.627471217,
              37.950721032
            ],
            [
              23.626253186,
              37.950732775
            ],
            [
              23.626238713,
              37.951324133
            ],
            [
              23.625018949,
              37.951306939
            ],
            [
              23.624012976,
              37.951296615
            ],
            [
              23.623750575,
              37.951293933
            ],
            [
              23.622915928,
              37.951285834
            ],
            [
              23.6228138,
              37.951284251
            ],
            [
              23.622711807,
              37.951282124
            ],
            [
              23.620955671,
              37.95125669
            ],
            [
              23.620968144,
              37.950636743
            ],
            [
              23.619234725,
              37.950608848
            ],
            [
              23.619225373,
              37.95124493
            ],
            [
              23.618617312,
              37.951241541
            ],
            [
              23.618649494,
              37.951193558
            ],
            [
              23.618102557,
              37.950637089
            ],
            [
              23.617620626,
              37.950200313
            ],
            [
              23.616603876,
              37.949075095
            ],
            [
              23.616719758,
              37.949091254
            ],
            [
              23.617720928,
              37.949195131
            ],
            [
              23.618725239,
              37.949772872
            ],
            [
              23.619280665,
              37.949799235
            ],
            [
              23.619273518,
              37.950222123
            ],
            [
              23.620174606,
              37.9502275
            ],
            [
              23.620204092,
              37.949812261
            ],
            [
              23.619937473,
              37.949801997
            ],
            [
              23.61995707,
              37.949339343
            ],
            [
              23.622883246,
              37.949343872
            ],
            [
              23.622925497,
              37.947470607
            ],
            [
              23.622938098,
              37.946992494
            ],
            [
              23.621631185,
              37.947000943
            ],
            [
              23.621597841,
              37.94641355
            ],
            [
              23.62294546,
              37.946407666
            ],
            [
              23.622953645,
              37.945758784
            ],
            [
              23.621560087,
              37.945748465
            ],
            [
              23.621500874,
              37.945529274
            ],
            [
              23.621507103,
              37.943534506
            ],
            [
              23.622986477,
              37.943770553
            ],
            [
              23.622992409,
              37.943440354
            ],
            [
              23.625570675,
              37.943866818
            ],
            [
              23.625504309,
              37.944191586
            ],
            [
              23.625847758,
              37.944253747
            ],
            [
              23.62581547,
              37.94440433
            ],
            [
              23.626728303,
              37.944559215
            ],
            [
              23.62752562,
              37.944751367
            ],
            [
              23.627498549,
              37.944905942
            ],
            [
              23.629250541,
              37.945176942
            ],
            [
              23.629222026,
              37.945619192
            ],
            [
              23.630016208,
              37.945738072
            ],
            [
              23.631075841,
              37.946156418
            ],
            [
              23.63117306,
              37.9461948
            ],
            [
              23.630893918,
              37.946581989
            ],
            [
              23.630688229,
              37.946850371
            ],
            [
              23.630702386,
              37.947270783
            ],
            [
              23.631926673,
              37.947269349
            ],
            [
              23.631924835,
              37.946956438
            ],
            [
              23.6325024,
              37.946938963
            ],
            [
              23.634389362,
              37.946935688
            ],
            [
              23.634442869,
              37.948130542
            ],
            [
              23.634491263,
              37.948259954
            ],
            [
              23.635225635,
              37.949352519
            ],
            [
              23.635464002,
              37.949354526
            ],
            [
              23.635459014,
              37.949406224
            ],
            [
              23.635377147,
              37.950254645
            ],
            [
              23.635164663,
              37.95025518
            ],
            [
              23.635159687,
              37.950756468
            ],
            [
              23.63379437,
              37.950763812
            ]
          ],
          [
            [
              23.633794915,
              37.95075462
            ],
            [
              23.63380635,
              37.950337156
            ],
            [
              23.633820354,
              37.949883404
            ],
            [
              23.633115518,
              37.949888493
            ],
            [
              23.632557432,
              37.949880262
            ],
            [
              23.632549433,
              37.950745321
            ],
            [
              23.633794915,
              37.95075462
            ]
          ],
          [
            [
              23.631908862,
              37.94819775
            ],
            [
              23.633093523,
              37.948210217
            ],
            [
              23.633103288,
              37.947730944
            ],
            [
              23.631918532,
              37.947738934
            ],
            [
              23.631908862,
              37.94819775
            ]
          ],
          [
            [
              23.62500112,
              37.947942131
            ],
            [
              23.627525587,
              37.947938459
            ],
            [
              23.628732626,
              37.948434627
            ],
            [
              23.628828631,
              37.948185825
            ],
            [
              23.627526982,
              37.947662026
            ],
            [
              23.627529068,
              37.94724874
            ],
            [
              23.626281579,
              37.947256475
            ],
            [
              23.626289074,
              37.94690275
            ],
            [
              23.626305089,
              37.946146892
            ],
            [
              23.625521551,
              37.946134997
            ],
            [
              23.625521069,
              37.946163626
            ],
            [
              23.625493571,
              37.946849977
            ],
            [
              23.625492478,
              37.946896105
            ],
            [
              23.625033753,
              37.946890468
            ],
            [
              23.62502568,
              37.947200143
            ],
            [
              23.624751076,
              37.947207932
            ],
            [
              23.624746211,
              37.94758702
            ],
            [
              23.625012842,
              37.947587996
            ],
            [
              23.62500112,
              37.947942131
            ]
          ],
          [
            [
              23.625013966,
              37.950695794
            ],
            [
              23.625769284,
              37.950705405
            ],
            [
              23.625783404,
              37.950313901
            ],
            [
              23.62501899,
              37.950304261
            ],
            [
              23.625013966,
              37.950695794
            ]
          ],
          [
            [
              23.63004437,
              37.950762108
            ],
            [
              23.631268714,
              37.950759676
            ],
            [
              23.631278614,
              37.950364385
            ],
            [
              23.630042343,
              37.950376192
            ],
            [
              23.63004437,
              37.950762108
            ]
          ],
          [
            [
              23.622963691,
              37.950987492
            ],
            [
              23.62401359,
              37.951006539
            ],
            [
              23.624019055,
              37.950711634
            ],
            [
              23.622969144,
              37.950695725
            ],
            [
              23.622963691,
              37.950987492
            ]
          ],
          [
            [
              23.628517269,
              37.947059113
            ],
            [
              23.629245333,
              37.947410762
            ],
            [
              23.629567066,
              37.946971849
            ],
            [
              23.628864276,
              37.946649035
            ],
            [
              23.628517269,
              37.947059113
            ]
          ],
          [
            [
              23.627532383,
              37.949845879
            ],
            [
              23.627935807,
              37.949849351
            ],
            [
              23.627947798,
              37.949395988
            ],
            [
              23.627538815,
              37.949395792
            ],
            [
              23.627532383,
              37.949845879
            ]
          ],
          [
            [
              23.631355746,
              37.949380219
            ],
            [
              23.632413886,
              37.949388702
            ],
            [
              23.632414324,
              37.949300772
            ],
            [
              23.631354508,
              37.949192284
            ],
            [
              23.631355746,
              37.949380219
            ]
          ]
        ]
      },
      "properties": {
        "gid": 203,
        "fid": 203,
        "bid": 171,
        "d_e": "ΔΡΑΠΕΤΣΩΝΑ",
        "onomasia": "ΓΕΝΙΚΗ ΚΑΤΟΙΚΙΑ",
        "fek_gps": "ΦΕΚ 207Δ/30-04-1991",
        "fek": "../data/FEK/FEK_1991_207_D.pdf|../data/gps/gps_drapetsonas_orsa.jpg",
        "area_sqm": 712189.51,
        "source_file": "ydom_pol_chriseis_gis.shp"
      }
    },
    {
      "type": "Feature",
      "geometry": {
        "type": "MultiPolygon",
        "coordinates": [
          [
            [
              [
                23.613841172,
                37.972450574
              ],
              [
                23.613444577,
                37.972251345
              ],
              [
                23.6131063,
                37.972133385
              ],
              [
                23.613315503,
                37.971876529
              ],
              [
                23.614003888,
                37.972154218
              ],
              [
                23.613841172,
                37.972450574
              ]
            ]
          ],
          [
            [
              [
                23.613907361,
                37.97256806
              ],
              [
                23.613381439,
                37.972412865
              ],
              [
                23.613409163,
                37.972296108
              ],
              [
                23.613409669,
                37.972293974
              ],
              [
                23.613713308,
                37.972448708
              ],
              [
                23.613956239,
                37.972582483
              ],
              [
                23.613907361,
                37.97256806
              ]
            ]
          ],
          [
            [
              [
                23.614624005,
                37.972814415
              ],
              [
                23.614248237,
                37.972664143
              ],
              [
                23.613916288,
                37.972487782
              ],
              [
                23.614089546,
                37.972191461
              ],
              [
                23.614770412,
                37.972467928
              ],
              [
                23.614624005,
                37.972814415
              ]
            ]
          ],
          [
            [
              [
                23.615593477,
                37.973205094
              ],
              [
                23.615241761,
                37.973063249
              ],
              [
                23.614750244,
                37.972868484
              ],
              [
                23.614892144,
                37.972519596
              ],
              [
                23.615652633,
                37.972836858
              ],
              [
                23.615652349,
                37.973180248
              ],
              [
                23.615593477,
                37.973205094
              ]
            ]
          ],
          [
            [
              [
                23.616375622,
                37.973125377
              ],
              [
                23.616885162,
                37.973330925
              ],
              [
                23.616785524,
                37.973664452
              ],
              [
                23.616257888,
                37.973462421
              ],
              [
                23.616375622,
                37.973125377
              ]
            ]
          ],
          [
            [
              [
                23.616272366,
                37.973574547
              ],
              [
                23.616026398,
                37.97395052
              ],
              [
                23.615620566,
                37.973787038
              ],
              [
                23.615901091,
                37.973427871
              ],
              [
                23.616272366,
                37.973574547
              ]
            ]
          ],
          [
            [
              [
                23.616747373,
                37.973759714
              ],
              [
                23.616549438,
                37.974168037
              ],
              [
                23.616089535,
                37.973974572
              ],
              [
                23.616334034,
                37.973591441
              ],
              [
                23.616747373,
                37.973759714
              ]
            ]
          ],
          [
            [
              [
                23.616807454,
                37.973901706
              ],
              [
                23.616851668,
                37.97379931
              ],
              [
                23.617857295,
                37.974193664
              ],
              [
                23.617793397,
                37.974316266
              ],
              [
                23.617966242,
                37.974388367
              ],
              [
                23.617923394,
                37.974518192
              ],
              [
                23.616837622,
                37.974090431
              ],
              [
                23.616809543,
                37.97407937
              ],
              [
                23.616771428,
                37.974057874
              ],
              [
                23.616759503,
                37.974033988
              ],
              [
                23.616807454,
                37.973901706
              ]
            ]
          ],
          [
            [
              [
                23.618634889,
                37.974704119
              ],
              [
                23.618590839,
                37.974775515
              ],
              [
                23.618018051,
                37.974563807
              ],
              [
                23.61806398,
                37.974420877
              ],
              [
                23.618558669,
                37.974588216
              ],
              [
                23.618634889,
                37.974704119
              ]
            ]
          ],
          [
            [
              [
                23.61932765,
                37.974726632
              ],
              [
                23.619201315,
                37.974981381
              ],
              [
                23.619105088,
                37.974947685
              ],
              [
                23.618985747,
                37.974723141
              ],
              [
                23.619032909,
                37.974632676
              ],
              [
                23.61932765,
                37.974726632
              ]
            ]
          ]
        ]
      },
      "properties": {
        "gid": 204,
        "fid": 204,
        "bid": 46,
        "d_e": "ΚΕΡΑΤΣΙΝΙ",
        "onomasia": "ΜΟΝΟΚΑΤΟΙΚΙΑ",
        "fek_gps": "ΦΕΚ 142ΑΑΠ/05-05-2014",
        "fek": "../data/FEK/FEK_2014_142_AAP.pdf|../data/gps/gps_keratsini_orsa.jpg",
        "area_sqm": 827477.25,
        "source_file": "ydom_pol_chriseis_gis.shp"
      }
    }
  ]
}